numBeds,Resort_Fax,Resort_Ema,lat,Island,Owner_Less,Management,is3,long,resortName,Phone,srl,Email,Resort_Pho,numRoom,Operator,Beds,Atoll,Fax,OBJECTID,Rooms,FCOde,State,longitude,latitude
140.0,-,info.bathala@sandies-resorts.com,4.07035,Bathalaa,"B Resorts Investment Pvt. Ltd. 
G. Neem Building, 3rd Floor
Majeedhee Magu
Male’, Republic of Maldives",-,Bathala,72.94566,Sandies Bathala,7905040,,resmg.thudufushi@diamonds-resorts.com,4002400,70.0,"Away Hotels Maldives Pvt. Ltd. 
M. Veeza 
Dhambu Goalhi 20190
Male’, Republic of Maldives",140.0,Alifu Alifu,,1,70.0,LD1080,Operating,72.94565829250186,4.070347823599987
224.0,,ellaidhoo@cinnamonhotels.com,4.00619,Ellaidhoo,"Ellaidhoo Investments Pvt Ltd
5A STO Aifaanu Building, 
Boduthakurufaanu Magu Male', Republic of Maldives",,Ellaidhoo,72.94914,Ellaidhoo Maldives By Cinnamon,"331 3738
333 2867",54,resorts@cinnamonhotels.com,666 0514,112.0,"Travel Club Pvt. Ltd. 
H. Maizaan, 2nd Floor
Sosun Magu
Male', Republic of Maldives",224.0,Alifu Alifu,332 6264,2,112.0,LD0201,Operating,72.94913537450185,4.006194811559992
162.0,6662222,reservations.wmaldives@whotels.com,4.00686,Fesdhoo,"Manta Resort Holdings I Pvt. Ltd 
H. #02-01, Millennia Tower
10 Ameer Ahmed Magu 20026
Male', Republic of Maldives","Marriott Hotels Maldives Pvt Ltd 
H. #04-01, Millennia Tower
10 Ameer Ahmed Magu 20026
Male', Republic of Maldives",Fesdhoo,72.81102,W Maldives,7931698,171,vijay.kumar@marriott.com,6662222,81.0,"Manta Resort Holdings I Pvt. Ltd 
H. #02-01, Millennia Tower
10 Ameer Ahmed Magu 20026
Male', Republic of Maldives",162.0,Alifu Alifu,,3,81.0,LD1002,Not Operating,72.81101637100289,4.006856101839973
72.0,666-0505,info@gangehi.com / info@fushifaru.com,4.22006,Gangehi,"Gangehi Invesments Pvt Ltd
H. Dhonveli Thundi, Ground Floor, 
Dhunbugas Magu, 
Male', Republic of Maldives",-,Gangehi,72.75497,Gangehi Island Resort,332 9013,67,info@gangehi.com / info@fushifaru.com,666-0505,36.0,"Noomadi Resorts Pvt. Ltd.
H. East Light, No.4/A, 4th floor, 
Ameer Ahmed Magu, 
Male', Republic of Maldives",72.0,Alifu Alifu,332 9014,4,36.0,LD0343,Operating,72.75497277630343,4.220064957139958
172.0,,resa@constancehotels.com,4.03844,Halaveli,"Eastinvest Pvt Ltd 
2nd Floor, (West Wing) #2-04, H.Aage 
Boduthakurufaanu Magu
Male', Republic of Maldives
admin@bb-mld.com","Constance Hotels International Services Pvt Ltd 
C/O Shah, Hussain & Co, 06th Floor, H. Aage 
12, Boduthakurufaanu Magu
Male', Republic of Maldives",Halaveli,72.91936,Constance Halaveli Resort,"3343613
3343614",41,officemgr@halaveli.com,666 7000,86.0,"The Waterfront Pvt Ltd .
2nd Floor, H.Thandiraiymaage
Roashanee Magu
Male', Republic of Maldives",172.0,Alifu Alifu,3343615,5,86.0,LD0375,Operating,72.91936387100205,4.038439065779997
60.0,,info@kandolhu.com,4.00256,Kan'dholhudhoo,"Kandholhudhoo Island Investment Pvt. Ltd. 
39 Orchid Magu, Male'",,Kandholhudhoo,72.88176,Kandolhu Island Maldives,"6680789 / 6680790
3323080",87,www.kandholhu.com,668 0790,30.0,"Kandholhudhoo Holdings Pvt Ltd 
39 Orchid Magu, Male'",60.0,Alifu Alifu,"6680788
3333618",6,30.0,LD0027,Operating,72.88175817440231,4.002556046419976
104.0,6660516,reservation@nikaisland.com.mv,4.18126,Kudafolhudhoo,"Nika Maldives Pvt.Ltd. 
M. West House, Chambeylee Magu
Male', Republic of Maldives
nika_htl@dhivehinet.net.mv",-,Kudafolhudhoo,72.76687,Nika Island Resort and Spa,"7771643
6660516
3314541",111,nika_htl@dhivehinet.net.mv,6660516,52.0,"Nika Maldives Pvt.Ltd. 
G. Nafaa, Raadhafathi Hingun
M. West House, Chambeylee Magu
Male', Republic of Maldives",104.0,Alifu Alifu,3325097,7,52.0,LD0893,Operating,72.76686899380331,4.181263787069966
790.0,6660556,info@kuramathi.com,4.25891,Kuramathi,"Universal Enterprises Pvt. Ltd. 
H. 39, Orchid Magu
Male', Republic of Maldives",,Kuramathi,72.981,Kuramathi Maldives,3323080,94,iyaz.waheed@universalenterprises.com,6660527,395.0,"Universal Enterprises Pvt. Ltd. 
H. 39, Orchid Magu
Male', Republic of Maldives",790.0,Alifu Alifu,3333618,8,395.0,LD1139,Operating,72.98099533000163,4.258908236789988
150.0,6660588,maayafushi@nakairesorts.com / reservations@maayafushi.com,4.07359,Maayafushi,"I.R.T.S Private Limited
M.Omadu Fanu Building, 2nd Floor
Haveeree Hingun
Male', Republic of Maldives",,Maayafushi,72.88759,Maayafushi Tourist Resort,3323214,100,manager.maleoffice@nakairesorts.com,6660588,75.0,"Maayafushi Resort Management Pvt Ltd 
M. Omadu Fanu Building, 2nd Floor 
Haveeree Hingun
Male', Republic of Maldives",150.0,Alifu Alifu,3322516,9,75.0,LD0300,Operating,72.88759058410224,4.073591322019996
182.0,666 0519,reservations@veligandu.com,4.29881,Veligan'du,"Crown Company Pvt. Ltd. 
Fasmeeru Building, 6th Floor
Boduthakurufaanu Magu
Male', Republic of Maldives",-,Veligan'du,73.01152,Veligandu Maldives Resort Island,3322432,167,info@crowncompany.com,666 0519,91.0,"Crown Company Pvt. Ltd. 
Fasmeeru Building, 6th Floor
Boduthakurufaanu Magu
Male', Republic of Maldives",182.0,Alifu Alifu,3324009,10,91.0,LD0807,Not Operating,73.01151937610148,4.298806941470017
180.0,6680510,angaga@dhivehinet.net.mv,3.65221,Angaagau,"Angiri Resorts Management and Operations Pvt Ltd 
M.New Plot, 2nd Floor 
Ameenee Magu
Male', Republic of Maldives",,Angaga,72.82205,Angaga Island Resort and Spa,331 3523,12,info@happymarket.com.mv,6680510,90.0,"Angiri Resorts Management and Operations Pvt Ltd
M.New Plot, 2nd Floor 
Ameenee Magu
Male', Republic of Maldives",180.0,Alifu Dhaalu,331 3522,11,90.0,LD0316,Operating,72.82204596110284,3.652209859469985
146.0,6680508,es.athuruga@diamonds-resorts.comiinfo@voyagesmaldives.com,3.88716,Athurugau,"Voyages Maldives Pvt. Ltd.
M. Narugis, 
Chaandhanee Magu,
Male', Republic of Maldives
info@voyages.com",,Athurugau,72.8162,Diamonds Athuruga Beach & Water Villas,3323617,49,info@voyages.com,6680508,73.0,"Voyages Maldives Pvt. Ltd.
M. Narugis, 
Chaandhanee Magu,
Male', Republic of Maldives",146.0,Alifu Dhaalu,3325336,12,73.0,LD1147,Operating,72.81619516550286,3.887158780549975
200.0,,whalelagoon.info@barcelo.com,3.49442,Bodufinolhu,"Browns Ari Resort Pvt Ltd 
M. No. 6-A, Faamudheyri Building
Orchid Magu 20209
Male', Republic of Maldives","Barcelo Indian Ocean Pvt Ltd 
H. Aage, 06th Floor
12 Boduthakurufaanu Magu
Male', Republic of Maldives",Bodufinolhu,72.7609,Barceló Whale Lagoon Maldives,7231441 / 7379247,20,whalelagoon.gm@barcelo.com,9606683000,100.0,"Browns Ari Resort Pvt Ltd 
M. No. 6-A, Faamudheyri Building
Orchid Magu 20209
Male', Republic of Maldives",200.0,Alifu Dhaalu,,13,100.0,LD0220,Operating,72.76089825100345,3.494417740729983
386.0,668-0901,reservation@luxresorts.com / stay@luxmaldivesresort.com,3.49859,Dhihdhoofinolhu,"Ari Beach Co Pvt Ltd
M.Kinbidhooge
Izzudheen Magu
Male', Republic of Maldives",,Dhidhdhoofinolhu,72.89629,"Lux* South Ari Atoll, Maldives",331 2204,99,reservation@luxresorts.com / stay@luxmaldivesresort.com,668-0901,193.0,"White Sands Resort and Spa Pvt Ltd
Jazeera Building, 5th Floor
Boduthakurufaanu Magu
Male', Republic of Maldives",386.0,Alifu Dhaalu,331 7508,14,193.0,LD1007,Operating,72.89629209880223,3.498592193349982
232.0,9151593,james.wong@changhua.com.sg / eunice.tan@carlsonrezidor.com,3.54424,Huruelhi,"Huruelhi Investment Pvt Ltd 
M. P.O Box 2152
Male', Republic of Maldives",,Huruelhi,72.71973,Radisson Blu Resort,9151593,126,james.wong@changhua.com.sg,9151593,116.0,"Huruelhi Investment Pvt Ltd 
M. P.O Box 2152
Male', Republic of Maldives",232.0,Alifu Dhaalu,3310940,15,116.0,LD0388,Operating,72.71973316130394,3.544237389509963
250.0,6680013,reservations@lilybeachmaldives.com,3.65372,Huvahendhoo,"Lily Hotels Pvt. Ltd. 
H. Fasmeeru Building, 2nd Floor,
Boduthakurufaanu Magu,
Male', Republic of Maldives",-,Huvahendhoo,72.95396,Lily Beach Resort,331 7464,98,lilyhotels@dhivehinet.net.mv,6680013,125.0,"Lily Hotels Pvt. Ltd. 
H. Fasmeeru Building, 2nd Floor,
Boduthakurufaanu Magu,
Male', Republic of Maldives",250.0,Alifu Dhaalu,331 7466,16,125.0,LD0419,Operating,72.95396151860184,3.653716023219978
102.0,,reservations.kudarah@amayaresorts.com,3.57394,Kudarah,"Luxury Resort Pvt Ltd 
G.Sosanee, 3rd Floor
Male', Rep. of Maldives",,Kudarah,72.91082,Amaya Kuda Rah Maldives,6680000,8,rm.kudarah@amayaresorts.com,6 6 80000,51.0,"Luxury Resort Pvt Ltd 
G.Sosanee, 3rd Floor
Male', Rep. of Maldives",102.0,Alifu Dhaalu,6681000,17,51.0,LD0581,Operating,72.91081755140213,3.573935027579965
178.0,,maldives.maafushivaru@outrigger.com,3.60795,Maafushivaru,"OM Maldives Pvt Ltd 
#02-01 Millennia Tower
Ameer Ahmed Magu
Male', Republic of Maldives","OGHM Private Limited 
H. #04-01 Millenia Tower
Ameer Ahmed Magu
Male', Republic of Maldives",Maafushivaru,72.90035,Outrigger Maldives Maafushivaru Resort,7770948,120,juni@sandalawyers.com,6680001,89.0,"OM Maldives Pvt Ltd 
#02-01 Millennia Tower
Ameer Ahmed Magu
Male', Republic of Maldives",178.0,Alifu Dhaalu,,18,89.0,LD1176,Operating,72.9003454536022,3.607947078249988
224.0,,cirm@chr.co.th,3.59385,Mahchafushi,"Sioux Investment Pvt. Ltd.
2nd Floor, Filla Building 
Boduthakurufaanu Magu
Male', Republic of Maldives","Centara International Management Co, Ltd
 (manager since 11th Oct 2009)",Machchafushi,72.88356,Centara Grand Island Resort & Spa Maldives,"330 6566
 333 3644",26,ahrdcirm@chr.co.th,668 8000,112.0,"R.M.L Leisure Pvt. Ltd.
c/o Shah, Hussain & Co.
2nd Floor, (West Wing) H. Aage
12, Boduthakurufaanu Magu
Male', Republic of Maldives",224.0,Alifu Dhaalu,"331 5453
332 3463",19,112.0,LD1062,Operating,72.88356295070233,3.593847459309993
76.0,,info@mirihi.com,3.61952,Mirihi,"Vie Maldives Pvt Ltd 
M. Marina Buiilding, Level 7
Koli Umaru Manik Goalhi
Male', Republic of Maldives",,Mirihi,72.78051,Mirihi Island Resort,7773152,108,zayan@salihshihab.co,668 05 00,38.0,"Vie Maldives Pvt Ltd 
M. Marina Buiilding, Level 7
Koli Umaru Manik Goalhi
Male', Republic of Maldives",76.0,Alifu Dhaalu,,20,38.0,LD0461,Operating,72.78050970790324,3.619522969819977
220.0,,mkt@constancehotels.com,3.88451,Moofushi,"Moofushi Investments Pvt. Ltd.
Yaagoothuge, Muniyaa Magu
Male'Republic of Maldives",,Moofushi,72.7275,Constance Moofushi Resort,"333 3644
668 0517",42,"ea@moofushiresort.com
www.moofushiresort.com",668 05 09,110.0,"Moofushi Development Ltd.
10, Frere Felix de Valois Street
Port Loius, Mauritius
c/o Shah Hussain & Co.
12, Boduthakurufaanu Magu
2nd Floor (East Wing) H.Aage
Male', Rep. of Maldives",220.0,Alifu Dhaalu,"331 5453
668 0509",21,110.0,LD0900,Operating,72.72750277160378,3.88450939812999
924.0,668 0099,reservations@sun-island.com.mv,3.48334,Nalaguraidhoo,"Villa Shipping & Trading Company Pvt.Ltd.
Villa Building, Ibrahim Hassan Didi Magu
Male', Republic of Maldives
info@villa.com.mv",,Nalaguraidhoo,72.80178,Villa Park Sun Island,332 5195,170,info@villa.com.mv,668 0099,462.0,"Villa Shipping & Trading Company Pvt.Ltd.
Villa Building, Ibrahim Hassan Didi Magu
Male', Republic of Maldives",924.0,Alifu Dhaalu,332 5177,22,462.0,LD0725,Operating,72.80177508120306,3.483342336139991
352.0,6680629 / 9309999,mlehi.maldives@conradhotels.com,3.61823,Rangali,"Maldives Property Holdings
H. Meerubahuruge Aage, 3rd Floor
Ameer Ahmed Magu
Male', Republic of Maldives","Hilton International Manage (Maldives) Pvt Ltd
H. Aage, 2nd FloorBoduthakurufaanu MaguMale', Republic of Maldives",Rangalifinolhu,72.72335,Conrad Maldives Rangali Island,3013211 / 7779779,40,"shahdy@suoodanwar.com
lamaan@suoodanwar.com",6680629 / 9309999,176.0,"Maldives Property Holdings 
H. Meerubahuruge Aage, 3rd Floor
Ameer Ahmed Magu
Male', Republic of Maldives",352.0,Alifu Dhaalu,-,23,176.0,LD0214,Operating,72.72335266350387,3.618227838639969
60.0,6680668,info@driftretreat.com,3.66983,Theluveligaa,"Theluveliga Retreat Pvt Ltd 
Ma. Vahaari, 
Javaahiru Goalhi, 
Male', Republic of Maldives",-,Theluveliga,72.90257,Drift Theluveliga Retreat,3347777,52,"info@driftretreat.com
hawwa.shakeela@theluveligaretreat.com
nabeel.hilmy@castawaymaldives.com",6680668,30.0,"Theluveliga Retreat Pvt Ltd 
Ma. Vahaari, 
Javaahiru Goalhi, 
Male', Republic of Maldives",60.0,Alifu Dhaalu,3347887,24,30.0,LD0175,Operating,72.90257268870218,3.669829186750011
144.0,6680583,info.thudufushi@diamonds-resorts.com,3.78626,Thun'dufushi,"Seagull Group Pvt. Ltd.
Narugis, 
Chaandhanee Magu
Male', Republic of Maldives",-,Thundufushi,72.73078,Diamonds Thudufushi Beach and Water Villas,"332 5349
332 3617",50,info@seagull.com.mv,6680583,72.0,"Seagull Group Pvt. Ltd.
Narugis, 
Chaandhanee Magu
Male', Republic of Maldives",144.0,Alifu Dhaalu,332 5336,25,72.0,LD1198,Operating,72.73078217790376,3.786261422939996
114.0,7261212,hello@nova-maldives.com,3.57866,Vakarufalhi,"Athama Travels and Trade Pvt. Ltd. 
G. Dhivehi Atha
Majeedhee Magu
Male', Republic of Maldives",,Vakarufalhi,72.90207,Nova Maldives,7908835,115,afzam.zuhury@reollo.com,7261212,57.0,"Nova Resorts Pvt Ltd 
4th Floor , M. Kaneeru Villa
Orchid Magu
Male', Republic of Maldives",114.0,Alifu Dhaalu,,26,57.0,LD0610,Operating,72.90207130690219,3.578655714950003
388.0,,,3.63375,Vilamendhoo,"Vilamendhoo Investments Pvt. Ltd.
Champa Building, 3rd Floor
Kandidhon Manik Goalhi
Male', Republic of Maldives",,Vilamendhoo,72.95847,Vilamendhoo Island Resort,"331 4149
7983342",168,cfo@champaresorts.com,,194.0,"Vilamendhoo Investments Pvt. Ltd.
Champa Building, 3rd Floor
Kandidhon Manik Goalhi
Male', Republic of Maldives",388.0,Alifu Dhaalu,,27,194.0,LD0263,Operating,72.95847482930179,3.633751944619991
170.0,,reservations@dhigufaru.com,5.3522,Dhigufaruvinagan'du,"Dhigufaru Investments Pvt Ltd 
M. Huraa
Fareedhee Magu
Male',City, Republic of Maldives",,Dhigufaruvinagandu,72.98993,Dhigufaru Island Resort,3302656,48,info@dhigufaru.com,660-2656,85.0,"Dhigufaru Investments Pvt Ltd 
M. Huraa
Fareedhee Magu
Male',City, Republic of Maldives",170.0,Baa,3330804,28,85.0,LD0440,Operating,72.98992846370153,5.352195922670015
196.0,,reservations@cococollection.com,5.03965,Dhunikolhu,"Sunland Hotels Pte. Ltd.
#04-01, STO Trade Center, 
Orchid Magu
Male', Republic of Maldives
sunland@dhivehinet.net.mv",,Dhunikolhu,72.88141,Coco Palm Dhunikolhu,"332 4658
 333 6611
 6600011",35,sunland@dhivehinet.net.mv,6646600,98.0,"Sunland Hotels Pte. Ltd.
#04-01, STO Trade Center,
Orchid Magu
Male', Republic of Maldives",196.0,Baa,"332 5542
 333 6622",29,98.0,LD1146,Operating,72.88141008930222,5.03964666844998
222.0,6601660,reservations.fares@avanihotels.com,5.23216,Fares,"Plexus Maldives Private Limited
The Cyprea, 08th Floor 66/17,
Boduthakurufaanu Magu,
Male' 20066, Republic of Maldives","Minor Hotel Group (Maldives) Private Limited 
Anantara Kihavah Villas,
Kihavah Huravalhi, Baa Atoll,
Republic of Maldives",Fares,72.87726,Avani + Fares Maldives,7773152,15,zayan@salihshihab.co,6601660,111.0,"Plexus Maldives Private Limited
The Cyprea, 08th Floor 66/17,
Boduthakurufaanu Magu,
Male' 20066, Republic of Maldives",222.0,Baa,,30,111.0,LD0252,Operating,72.87725930970223,5.232162699519995
260.0,6602626,info@reethibeach.com / website: https://www.reethibeach.com/,5.25514,Fonimagoodhoo,"Hanifaru Holdings Pvt Ltd
Level 2, H. Orchidmaage
Ameer Ahmed Magu
Male', Republic of Maldives",-,Fonimagoodhoo,73.16353,Reethi Beach Resort,7988638,129,"manal@salihshihab.co
edarmawan@aresmgmt.com
thchua@aresmgmt.com",6602626,130.0,"Hanifaru Holdings Pvt Ltd 
Level 2, H. Orchidmaage
Ameer Ahmed Magu
Male', Republic of Maldives",260.0,Baa,-,31,130.0,LD0451,Operating,73.16353384650081,5.25513665095
180.0,660-0101,reservations@dreamland.com.mv,5.21712,Hirundhoo,"Angiri Joint Venture Pvt Ltd 
M. Newport, 
Ameenee Magu, 
Male', Republic of Maldives",-,Hirundhoo,73.1536,Dreamland - The Unique Sea & Lake Resort/Spa,3313523,51,info@happymarket.com.mv,660-0101,90.0,"Angiri Joint Venture Pvt Ltd 
M. Newport, 
Ameenee Magu, 
Male', Republic of Maldives",180.0,Baa,3313522,32,90.0,LD0732,Operating,73.15360253050085,5.217118901770012
304.0,660 0088,bookings@royal-island.com.mv,5.16269,Horubadhoo,"Island Travel and Trade Pvt. Ltd
Villa Building
Ibrahim Hassan Didi Magu
Male', Republic of Maldives",,Horubadhoo,73.0528,Royal Island Resort and Spa,332 5195,135,info@villa.com.mv,660 0088,152.0,"Villa Shipping and Trading Company Pvt Ltd 
Villa Building
Ibrahim Hassan Didi Magu
Male', Republic of Maldives",304.0,Baa,"332 5177
6600088",33,152.0,LD0185,Operating,73.05279572410123,5.162692523589989
272.0,,stay@finolhu.mv,5.01111,Kanufushi,"Seaside Finolhu Maldives Pvt Ltd 
6th Floor, H. Aage'
12 Boduthakurufaanu Magu
Male', Republic of Maldives",,Kanufushi,72.95189,Finolhu Baa Atoll Maldives,3333644,61,dheena@shclawyers.com,660 8800,136.0,"Seaside Finolhu Maldives Pvt Ltd 
6th Floor, H. Aage'
12 Boduthakurufaanu Magu
Male', Republic of Maldives",272.0,Baa,3315453,34,136.0,LD0022,Operating,72.95188764160174,5.011110490210017
236.0,-,kihaamaldives@coralislandresorts.com,5.19088,Kihaadhuffaru,"Athama Marine International Pvt Ltd 
G, Dhon Atha 2, Lonuziyaaraiy Magu, 
Male', Republic of Maldives",,Kihaadhuffaru,73.1323,Kihaa Maldives,7909181,88,"kihaamaldives@coralislandresorts.com / 
https://kihaamaldives.com/",7909181,118.0,"Coral Island Resort Maldives Pvt Ltd 
H. Thuniya, 3rd Floor, Boduthakurufaanu Magu, 
Male', Republic of Maldives",236.0,Baa,-,35,118.0,LD1197,Operating,73.13230102990093,5.190875240570003
178.0,6644111,mailto:kihavahmaldives@anantara.com,5.29604,KihavahHuravalhi,"Maldives Tourism Development Corporation Plc
01st Floor, Fathuruvehi
Buruzu Magu
Republic of Maldives",,Kihavah Huravalhi,73.05702,Anantara Kihavah Villas,0060(87)453-288,9,dkoegerl@anantara.com,6644111,89.0,"Minor International (Labuan) Ltd
Level 15 (A2), Main Office Tower Financial Park
Labuan, Jalan Mereedeka, 87000 FT
Malaysia",178.0,Baa,0060(87)451-288,36,89.0,LD1061,Operating,73.05701810380121,5.296035706739982
330.0,660 0304,mail@soneva.com,5.11228,Kunfunadhoo,"Bunny Holdings (BVI) Ltd.
Jazeera Building, 4th Floor
Boduthakurufaanu Magu
Male', Republic of Maldives","Soneva Management (BVI) Limited
Jazeera Building, 4th Floor
Boduthakurufaanu Magu
Male', Republic of Maldives",Kunfunadhoo,73.0775,Soneva Fushi Resort,3017201,144,mgr-male@soneva.com,660 0304,165.0,"Soneva Management (BVI) Limited
Jazeera Building, 4th Floor
Boduthakurufaanu Magu
Male', Republic of Maldives",330.0,Baa,,37,165.0,LD0217,Operating,73.07750402050112,5.112284983330002
260.0,6600888,reservations.mal@fourseasons.com,5.28619,Lan'daaGiraavaru,"Landaa Giraavaru Pvt Ltd 
M. Lux Lodge, Level 02
Orchid Magu
Male', Republic of Maldives","FS Kuda Huraa Hotel Management Pvt Ltd 
Kuda Huraa, Kaafu Atoll
Republic of Maldives",Landaa Giraavaru,73.11222,Four Seasons Resort Maldives at Landaa Giraavaru,3330888,64,reservations.mal@fourseasons.com,6600888,130.0,"Landaa Giraavaru Pvt Ltd 
M. Lux Lodge, Level 02
Orchid Magu
Male', Republic of Maldives",260.0,Baa,"0065 6738 8379
660 0700",38,130.0,LD0256,Operating,73.11222302220098,5.286185373139999
100.0,,welcome@milaidhoo.com,5.26712,Milaidhoo,"Universal Enterprises Pvt Ltd 
39, Orchid Magu
K.Male', Republic of Maldives",,Milaidhoo,73.12844,Milaidhoo Island Maldives,3323080,107,iyaz.waheed@universalenterprises.com,660 77 88,50.0,"Universal Enterprises Pvt Ltd 
39, Orchid Magu
Male', Republic of Maldives",100.0,Baa,3320274,39,50.0,LD1075,Operating,73.12844251160092,5.267119198050006
146.0,660-4444,mlewi.reservation@westinhotels.com,5.0632,Miriandhoo,"Miriandhoo Maldives Resorts Pvt Ltd
M. Whale Shark, 2nd Floor
Aaburuzu Hingun
Male', Republic of Maldives","Starwood Asia Pacific Hotels and Resorts Pte Ltd
02 Harbour Front, Bank of America 
Merril Lynch, #06-08, Singapore 098499",Miriandhoo,73.03123,The Westin Maldives Miriandhoo Resort,7991100,161,majdee.imad@alohamaldives.com,660-4444,73.0,"Miriandhoo Maldives Resorts Pvt Ltd
M. Whale Shark, 2nd Floor
Aaburuzu Hingun
Male', Republic of Maldives",146.0,Baa,,40,73.0,LD0147,Operating,73.03123385720133,5.063201465690014
208.0,6608888,bhanwar.rathore@dusit.comresmaldives@dusit.com,5.20668,Mudhdhoo,"Dusit Maldives Investment Pvt Ltd,
H. #02-01, Millenia Tower, 
10 Ameer Ahmed Magu, 
Male', Republic of Maldives","Dusit Worldwide Maldives Pvt Ltd,  
H. #02-01, Millenia Tower, 
10 Ameer Ahmed Magu, 
Male', Republic of Maldives",Mudhdhoo,73.08468,Dusit Thani Maldives,660 8888,53,bhanwar.ratore@dusit.com,6608888,104.0,"Dusit Maldives Management Pvt Ltd,  
H. #02-01, Millenia Tower, 
10 Ameer Ahmed Magu, 
Male', Republic of Maldives",208.0,Baa,660 9999,41,104.0,LD1015,Operating,73.0846820739011,5.206679849160015
62.0,6600000,hello@thenautilusmaldives.com,5.26229,Thiladhoo,"Thiladhoo Resorts Pvt Ltd
M. Sakkeyogasdhoshuge, 
Fiyaathoshi Magu, 
Male', Republic of Maldives",,Thiladhoo,73.15529,The Nautilus Maldives,6600000,155,akheel.muhsin@reollo.com / althaf@thenautilusmaldives.com,6600000,31.0,"Thiladhoo Resorts Pvt Ltd
M. Sakkeyogasdhoshuge, 
Fiyaathoshi Magu, 
Male', Republic of Maldives",62.0,Baa,6600001,42,31.0,LD0608,Operating,73.15528820290085,5.262294904699989
256.0,660 7000,info@vakkarumaldives.com,5.13379,Vakkaru,"Efzy Holdings Pvt Ltd
H. Millennium
Lansimoo Goalhi
Male', Republic of Maldives",,Vakkaru,72.91024,Vakkaru Maldives,7777222,163,6699sato@gmail.com,660 7000,128.0,"Efzy Holdings Pvt Ltd 
H. Millennium
Lansimoo Goalhi
Male', Republic of Maldives",256.0,Baa,,43,128.0,LD0660,Operating,72.91023901830202,5.133791684909983
26.0,,reservations.mal@fourseasons.com,5.31638,Voavah,"Landaa Giraavaru Pvt. Ltd. 
2706,RBS Tower, Times Square
1 Matheson Street, Causeway Bay
Hong Kong",,Voavah,73.07765,Four Seasons Private Island Maldives at Voavah,6600888,62,gan@hplhotels.com,66 00 888,11.0,"Landaa Giraavaru Pvt. Ltd. 
2706,RBS Tower, Times Square
1 Matheson Street, Causeway Bay
Hong Kong",26.0,Baa,6600800,44,11.0,LD0654,Operating,73.07765452380113,5.316381497339983
254.0,6760022,rsvn.iruveli@sunaqua.com,2.93351,Aluvifushi,"Ocean Islands Pvt Ltd 
H. Sun Siyam Building
Boduthakurufaanu Magu
Male', Republic of Maldivesmaldives.com.mv",,Aluvifushi,72.96085,Sun Siyam Iru Veli Maldives,3325977,150,info@sunsiyam.cm,6760022,127.0,"Ocean Islands Pvt Ltd 
H. Sun Siyam Building
Boduthakurufaanu Magu
Male', Republic of Maldives",254.0,Dhaalu,3333897,45,127.0,LD0623,Operating,72.96084904050183,2.933512140500003
66.0,,lamaan@sandalawyers.com,2.91758,Dhoores,"Yash Exotic Island Pvt Ltd 
H. Millennia Tower
Ameer Ahmed Magu
Male', Republic of Maldives",,Dhoores,72.88407,Yash Nature Resort,7731865,173,lamaan@sandalawyers.com,7731865,33.0,"Yash Exotic Island Pvt Ltd 
H. Millennia Tower
Ameer Ahmed Magu
Male', Republic of Maldives",66.0,Dhaalu,,46,33.0,LD0448,Operating,72.88407175220236,2.917577107250001
278.0,654-6666,reservations@niyama.com / info.pniy@niyama.com,2.68062,Olhuveli,"O Plus E Holding Pvt. Ltd
H. Meerubahuruge Aage, 1st Floor
Ameeru Ahmed Magu
Republic of Maldives","Minor International (Labuan) Limited 
Level 5 (A1) Main Office Tower,
Financial Park Labuan, Jalan Merdeka 8700
F.T. Labuan Malaysia",Embudhufushi and Olhuveli,72.93269,Niyama Maldives,3005552,112,"reservations@niyama.com
info.pniy@niyama.com",6762828,139.0,"O Plus E Holding Pvt. Ltd
H. Meerubahuruge Aage, 1st Floor
Ameeru Ahmed Magu
Republic of Maldives",278.0,Dhaalu,3005553,47,139.0,LD0932,Operating,72.93268610560203,2.680618613089996
544.0,676 0077,mykindofplace@kandima.com,2.73219,Kan'dinmaa,"Kandinma Holdings Pvt Ltd 
M. Kaneeru Villa, 04th Floor
Orchid Magu
Male', Republic of Maldives",,Kadinma,73.01138,Kandima Maldives,7980082,86,imdad.mohamed@pulseresorts.com,676 0077,272.0,"Kandinma Holdings Pvt Ltd 
M. Kaneeru Villa, 04th Floor
Orchid Magu
Male', Republic of Maldives",544.0,Dhaalu,,48,272.0,LD0400,Operating,73.01138223550153,2.732194812820009
880.0,3315453,pfernandezb@riu.com,2.68834,Maafushi,"Riu Atoll Pvt. Ltd. 
Shah, Hussain & Co. Barristers and Attorneys 
6th Floor, H. Aagé
12 Boduthakurufaanu Magu, 
Male', Republic of Maldives",,Maafushi and Kedhigandu,72.85901,Riu Atoll and Riu Palace Maldivas,3333644,132,dheena@shclawyers.com,3333644,440.0,"Riu Atoll Pvt. Ltd. 
Shah, Hussain & Co. Barristers and Attorneys 
6th Floor, H. Aagé
12 Boduthakurufaanu Magu, 
Male', Republic of Maldives",880.0,Dhaalu,3315453,49,440.0,LD0338,Operating,72.85901404050259,2.688341380140021
206.0,4000600,reservations.maldives@baglionihotels.com,2.94763,Maagau,"New Mood Resorts Pvt Ltd 
M. Faamudheyrige, 6th Floor Unit A, Orchid Magu, 
Male', Republic of Maldives",-,Maagau,72.91465,Baglioni Resort Maldives,9802222,17,m.suri@baglionihotels.com,4000600,101.0,"Baglioni Maldives Pvt Ltd 
H. Hulhugali, 1st Floor, South Wing, 
Kalhuhuraa Magu, 
Male', Republic of Maldives",206.0,Dhaalu,,50,101.0,LD1188,Operating,72.91464938557115,2.947632086135541
208.0,6760011,ecommerce.vilureef@sunsiyam.com,3.00329,Meedhuffushi,"Sun Investments Pvt. Ltd. 
H. Sun Siyam Building
Boduthakurufaanu Magu
Male', Republic of Maldives",-,Meedhuffushi,73.00054,Sun Siyam Vilu Reef Maldives,3329110,152,admin@suntravelmaldives.com.mv,6760011,104.0,"Sun Investments Pvt. Ltd. 
H. Sun Siyam Building
Boduthakurufaanu Magu
Male', Republic of Maldives",208.0,Dhaalu,3333897,51,104.0,LD0337,Operating,73.0005356955016,3.003285691389996
238.0,,reservations-velavaru@angsana.com,2.97977,Velavaru,"Sancturay Sands Maldives Pvt. Ltd
H. Aage, 02nd Floor
Boduthakurufaanu Magu
Male', Rep of Maldives",,Velavaru,73.01573,Angsana Resort & Spa Maldives - Velavaru,"3304087
6760028",13,velavaru@angsana.com,676 0028,119.0,"Maldives Bay Pvt Ltd
Watheenigasdhoshuge
Majeedhee Magu
Male', rep. of Maldives",238.0,Dhaalu,"3304660
6760029",52,119.0,LD1185,Operating,73.01573042628063,2.979767063523308
190.0,6763636,sascapital@theresidency.com,2.91131,Vommuli,"SAS Capital Private Limited 
6A, M. Faamdheyrige
Orchid Magu, 
Male', Republic of Maldives","Starwood Asia Pacific Hotels and Resorts Pte Ltd 
06 Temasek Boulevard
#04-01 Suntee Tower Four
Singapore 038986",Vommuli,72.86612,"The St. Regis Vommuli Resort, Maldives",9946464,159,sascapital@theresidency.com,6763636,95.0,"SAS Capital Private Limited 
6A, M. Faamdheyrige
Orchid Magu
Male', Republic of Maldives",190.0,Dhaalu,,53,95.0,LD0012,Operating,72.86611500280252,2.911310128900007
250.0,6740025,"project@aaa.com,mv",3.21316,Filitheyo,"A.A.A. & Trading Company Pvt. Ltd.
#17 & 19 Chaandhanee Magu
Male', Republic of Maldives",,Filitheyo,73.03714,Filitheyo Island Resort,331 7373,60,admin@aaa.com.mv,6740025,125.0,"A.A.A. & Trading Company Pvt. Ltd.
G. Neem, Majeedhee Magu
Male', Republic of Maldives",250.0,Faafu,332 1862,54,125.0,LD0819,Operating,73.03713586410139,3.213162300279967
370.0,6820088,chpl@dhinet.net.mv,0.68991,Dhigurah,"Bonavista (Maldives) Pvt Ltd 
Ma. Malaaz, 
Huvandhumaa Goalhi, 
Male, Republic of Maldives",,Dhigurah,73.44112,The Residence Maldives At Dhigurah,6820088,157,chpl@dhinet.net.mv,6820088,185.0,"Bonavista (Maldives) Pvt Ltd 
Ma. Malaaz, 
Huvandhumaa Goalhi, 
Male, Republic of Maldives",370.0,Gaafu Alifu,,55,185.0,LD0811,Operating,73.44112031442535,0.689906754048229
200.0,,msundaram@theresidence.com,0.67175,Falhumaafushi,"Bonaventure (Maldives) Pvt. Ltd
Ma. Malaaz
Huvandhuma Goalhi 
Male', Republic of Maldives",,Falhumaafushi,73.43844,The Residence Maldives,682-0088,156,msundaram@theresidence.com,682-0088,100.0,"Bonaventure (Maldives) Pvt. Ltd
Ma. Malaaz
Huvandhuma Goalhi 
Male', Republic of Maldives",200.0,Gaafu Alifu,330 9041,56,100.0,LD0802,Operating,73.43844219770031,0.671749840968997
242.0,6825511,Malediven@robinson.com,0.53368,Funamauddaa,"Robinson Club Maldives Pvt Ltd 
05th Floor, H. Maaram Building
Ameer Ahmed Magu
Male' 200077
Republic of Maldives",,Funamauddua,73.19026,Robinson Maldives,331 4877,133,officemanager.maldives@robinson.com bjoern.thuemmel@robinson.com,6825511,121.0,"Robinson Club Maldives Pvt Ltd 
05th Floor, H. Maaram Building
Ameer Ahmed Magu
Male' 200077
Republic of Maldives",242.0,Gaafu Alifu,,57,121.0,LD0926,Not Operating,73.19026091230086,0.533680433501019
106.0,,maldives.parkhadahaa@hyatt.com,0.5057,Han'dahaa,"Driftwood Maldives Pvt.Ltd.
M. Vaarey Villa
Izzudeen Magu
Male', Republic of Maldives","Hyatt Intenationl - South West Aisa Ltd.
G. Soasaneege
Rahdhdhebai Magu",Hadahaa,73.45389,"Park Hyatt Maldives, Hadahaa",3313388,122,info@driftwoodmaldives.com,6821234,53.0,"Driftwood Maldives Pvt.Ltd.
M. Vaarey Villa
Izzudeen Magu
Male', Republic of Maldives",106.0,Gaafu Alifu,331 6783,58,53.0,LD0618,Operating,73.45388744350028,0.505702423612041
271.0,6820909,H9924@accor.com,0.84658,Maamutaa,"Pristine Islands Investment (Maldives) Pvt Ltd
G. Alhifashuviaage, 3rd floor,
Dharumavantha Magu,
Male', Republic of Maldives","AAPC (Maldives) Private Limited 
C/O H. Shah, Hussain & Co. Barristers and Attorneys, 6th Floor, Aage, 12 Boduthakurufaanu Magu,
Male', Republic of Maldives",Maamutaa,73.40794,Pullman Maldives Maamutaa Resort,3333887,124,erah@keonghong.com,6820909,136.0,"Pristine Islands Investment (Maldives)Pvt Ltd 
G. Alhifashuviaage, 3rd floor, Dharumavantha Magu, 
Male', Republic of Maldives",271.0,Gaafu Alifu,3011699,59,136.0,LD0024,Operating,73.40793813910035,0.846581503745002
100.0,6828800,reservations.maldives@raffles.com,0.58684,Meradhoo,"CDLHT Oceanic Maldives Pvt Ltd 
H. Millennia Tower, #02-01, 10 Ameer Ahmed Magu 20026, 
Male', Republic of Maldives","AAPC (Maldives) Private Limited 
H. C/O Shah, Hussain & Co. Barristers and Attorneys, 6th Floor, 
Aage, 12 Boduthakurufaanu Magu, 
Male', Republic of Maldives",Meradhoo,73.09337,Raffles Maldives Meradhoo Resort,3344911 /,127,ramesh.moorthy@raffles.com,6828800,50.0,"CDL HBT Oceanic Maldives Pvt Ltd 
H. Millennia Tower, #02-01, 10 Ameer Ahmed Magu 20026, 
Male', Republic of Maldives",100.0,Gaafu Alifu,,60,50.0,LD0462,Operating,73.0933735017012,0.586843882840993
240.0,684-4888,havodda@amari.com,0.54024,Havoddaa,"Crystal Plaza Resorts Pvt Ltd 
2nd Floor, MF Building
Chaandhanee Magu
Male', Republic of Maldives","Minor Hotels Group (Maldives) Pvt Ltd
Anantara Kihavah Villas
Kihavah Huravalhi, Baa Atoll
Republic of Maldives",Havodda,73.09522,NH Collection Maldives Havodda Resort,3005518,110,samantha@crystalplazaresorts.com,684-4888,120.0,"Crystal Plaza Resorts Pvt Ltd 
2nd Floor, MF Building
Chaandhanee Magu
Male', Republic of Maldives",240.0,Gaafu Dhaalu,3005516,61,120.0,LD0255,Operating,73.09521574230118,0.540239001457014
110.0,,reservation.konotta@outrigger.mv,0.46274,Konottaa,"O.K.M Private Limited 
H. Orchidmaage
2nd Floor, Ameer Ahmed Magu
K. Male', Rep of Maldives",,Konotta,73.15476,Konotta Maldives,7770948,90,juni@sandalawyers.com,684 7770,55.0,"O.K.M Private Limited 
H. Orchidmaage
2nd Floor, Ameer Ahmed Magu
K. Male', Rep of Maldives",110.0,Gaafu Dhaalu,,62,55.0,LD0940,Operating,73.15476452230095,0.462738087036985
200.0,444 6 200,info@ayadamaldives.com,0.27755,Maguhdhuvaa,"Maldives Tourism Development and Corporation 
G. Fathuruvehi, 1st Floor
Buruzu Magu 20124
Male', Republic of Maldives",,Magudhdhuvaa,73.35672,Ayada Maldives,"7303055
745 8336
6844444",16,"info@ayadamaldives.com / 
aminath.hana@lily-international.com",684 4444,100.0,"Ahmet Aydeniz Maldives Pvt. Ltd 
H. Aagadhage, 4th Floor
Boduthakurufaanu Magu
Male', Republic of Maldives",200.0,Gaafu Dhaalu,"330 3003
3303009
6845555",63,100.0,LD0635,Operating,73.35671561740044,0.27755308253
176.0,6500400,vlsd.reyes@jaresorts.com,6.9971,Manafaru,"Jarh Maldives Pvt Ltd 
Marina Building, 7th Floor
Koli Umar Maniku Goalhi
Male', Republic of Maldives",,Manafaru,72.93999,JA Manafaru,3344720,79,william.harleyfleming@dutco.com,6500400,88.0,"Jarh Maldives Pvt Ltd 
Marina Building, 7th Floor
Koli Umar Maniku Goalhi
Male', Republic of Maldives",176.0,Haa Alifu,3344721,64,88.0,LD0548,Operating,72.93998597590162,6.997104928309979
48.0,4010000,reservations@soneva.com,6.31886,Dhipparufushi,"Secret Venture Pvt Ltd 
H. Jazeera Building, 4th Floor
Boduthakurufaanu Magu
Male', Republic of Maldives","Soneva Management (BVI) Ltd (FC)
H. Jazeera Building, 4th Floor
Boduthakurufaanu Magu
Male', Republic of Maldiv",Dhipparufushi,72.64063,Soneva Secret,7792656,146,mgr-male@soneva.com,4010000,24.0,"Secret Venture Pvt Ltd 
H. Jazeera Building, 4th Floor
Boduthakurufaanu Magu
Male', Republic of Maldives",48.0,Haa Dhaalu,-,65,24.0,LD0663,Operating,72.6406338814044,6.318860593579942
114.0,674-0025,hondaafushi@aaa.com.mv,6.77812,Hon'daafushi,"Mr. Abdulla Ali
M. Three A Villa
Fareedhee Magu
Male', Republic of Maldives",-,Hondaafushi,73.12154,Hondaafushi Island Resort,3317373,74,sales@aaa.com.mv,674-0025,57.0,"Hondaafushi Island Resort (SP)
Mr. Abdulla Ali 
M. Three A Villa
Fareedhee Magu
Male', Republic of Maldives",114.0,Haa Dhaalu,3316016,66,57.0,LD1192,Operating,73.12154012240089,6.778120838150006
186.0,,SO.Maldives@so-hotels.com,4.12355,"4° 7’ 24.562” N, 73° 28’ 52.015” E","Dream Islands Development 2 Pvt Ltd
H. Millenia Tower, #02-0110 
Ameer Ahmed Magu
Male', Republic of Maldives",,"4° 7’ 24.562” N, 73° 28’ 52.015” E",73.48115,SO/ Maldives,6649100,143,"jespersoerense@so-hotels.com 
https://so-hotels.com/",,93.0,"Dream Islands Development 3 Pvt Ltd
H. Millenia Tower, #02-0110 
Ameer Ahmed Magu
Male', Republic of Maldives",186.0,Kaafu,-,67,93.0,LD1756,Operating,73.48115161900024,4.123546081620021
768.0,4000022,info@ailafushi@colorsofoblu.com,4.30635,Aanugan'du Finolhu and Aanugan'du Huraa,"Aqua Blue Investments Pvt Ltd 
M. Mirihimaage
3A, Kulhidhoshumagu
Male', Republic of Maldives","Atmosphere Core (BVI) Ltd 
H. Aage, 3rd Floor
12 Boduthakurufaanu Magu
Male', Republic of Maldives",Aanugan'du Finolhu and Aanugan'du Huraa,73.50563,Aanugandu Island Resort,3339992,1,shrikant@atmospherehotelsandresorts.com,4000022,384.0,"Promonant Pvt Ltd 
H. Aage, 6th Floor
12 Boduthakurufaanu Magu
Male', Republic of Maldives",768.0,Kaafu,,68,384.0,LD1293,Operating,73.5056288477002,4.306351360600035
394.0,6551400,info@hrhmaldives.com,4.12374,Akasdhoo,"Dream Islands Development 2 Pvt. Ltd. 
H. #02-01, Millennia Tower, 10 Ameer Ahmed Magu, Male', Republic of Maldives",,Akasdhoo,73.47247,Hard Rock Hotel Maldives,9606651400,70,rsvn@hrhmaldives.com,6551400,197.0,"Dream Islands Development 2 Pvt. Ltd. 
H. #02-01, Millennia Tower, 10 Ameer Ahmed Magu, Male', Republic of Maldives",394.0,Kaafu,,69,197.0,LD1502,Operating,73.47246663060025,4.123736505289997
288.0,,sales@oblu-sangeli.com,4.63776,Akirifushi,"Akirifushi Investments Pvt Ltd 
Ma. Milano, 2nd Floor
Rahdhebai Magu
Male', Republic of Maldives",,Akirifushi,73.40161,Oblu Select by Atmosphere at Sangeli,3339992,118,"info@eonresorts.com

shrikant@atmospherehotelsandresorts.com",400 4501,114.0,"North East Pvt Ltd 
H. Aage, 3rd Floor
Boduthakurufaanu Magu
Male', Republic of Maldives",288.0,Kaafu,3339998,70,114.0,LD0981,Operating,73.40160755010032,4.637758476400012
440.0,6640088,sales@bandos.com.mv,4.26942,Ban'dos,"Mohamed Waheed Deen
H. Deens Villa
Meheli Goalhi
Male', Republic of Maldives",-,Bandos,73.49139,Bandos Maldives,6640088,18,info@bandos.com.mv,6640088,220.0,"Orchid Holdings Private Limited 
H. Deens Villa, 
Meheli Goalhi, 
Male', Republic of Maldives",440.0,Kaafu,6643877,71,220.0,LD0026,Operating,73.49139352840022,4.269419613449999
150.0,,reservations@baros.com,4.28479,Baros,"Universal Enterprises Ltd.
39, Orchid Magu
Male', Republic of Maldives
sales@unient.com.mv",,Baros,73.42716,Baros Maldives,"3323080
6642672",21,info@baros.com; sales@unient.com.mv,664 26 72,75.0,"Universal Enterprises Ltd.
39, Orchid Magu
Male', Republic of Maldives",150.0,Kaafu,"3320274
3322678",72,75.0,LD0142,Operating,73.4271583954003,4.284787037440012
192.0,664 7171,vlsd.reyes@jaresorts.com,3.92216,Biyaadhoo,"Sunland Hotels Pte. Ltd.
#04-01, STO Trade Center,
Orchid Magu
Male', Republic of Maldives
sunland@dhivehinet.net.mv",,Biyaadhoo,73.45635,Biyaadhoo Island Resort,"3324658
3336611",22,sunland@dhivehinet.net.mv,664 7171,96.0,"Sunland Hotels Pte. Ltd.
#04-01, STO Trade Center,
Orchid Magu
Male', Republic of Maldives",192.0,Kaafu,"3325542
3336622",73,96.0,LD0160,Not Operating,73.45635061660028,3.922161066649997
200.0,,reservations@cococollection.com,4.4301,Boduhithi,"Shinetree Holdings Pvt Ltd.(C-0198/1994)
Oceanic Building
No.7 Boduthakurufaanu Magu 
Male', Republic of Maldives",,Boduhithi,73.38478,Coco Bodu Hithi,"3324658
3336611",34,sunland@dhivehinet.net.mv,,100.0,"Sunland Hotels Pte. Ltd.
H. Moonlit Villa
Medhuziyaaraiy Magu
Male', Republic of Maldives",200.0,Kaafu,"3325542
3336622",74,100.0,LD0305,Operating,73.38477873120037,4.430104692130024
224.0,6642525,reservations@ozenreserve-bolifushi.com,4.09739,Bolifushi,"Gateway Maldives Pvt. Ltd 
H. Mirihi 
Abadhah Ufaa Magu
Male', Republic of Maldives","Atmosphere Core (BVI) Ltd 
03rd Floor, H. Aage 
12, Boduthakurufaanu Magu
Male', Republic of Maldives
www.ozenreserve-bolifushi.com",Bolifushi,73.39975,Bolifushi Island Resort,7964481 / 3339992 / 3317526,23,muaz@alephpropertiesltd.com,6642020 / 7937070,112.0,"Aleph Properties Limited 
03rd Floor, H. Aage   
12, Boduthakurufaanu Magu
Male', Republic of Maldives",224.0,Kaafu,,75,112.0,LD0597,Operating,73.39974886890033,4.097388606279984
226.0,6644100,dhigumaldives@anantara.com,3.97233,Dhigufinolhu,"SS & L Beach Pvt Ltd 
H. #02-01, Millennia Tower
10 Ameer Ahmed Magu
Male', Republic of Maldives","Minor Hotel Group (Maldives) Pvt Ltd 
Anantara Kihavah Villas
B. Kihavah Huravalhi
Republic of Maldives",Dhigufinolhu,73.50226,Anantara Resort and Spa Maldives,7797779,10,shahdy@sandalawyers.com,6644100,113.0,"SS & L Beach Pvt Ltd 
H. #02-01, Millennia Tower
10 Ameer Ahmed Magu
Male', Republic of Maldives",226.0,Kaafu,3327058,76,113.0,LD0321,Operating,73.50225931600023,3.972328812150015
340.0,6651300,info.lagoon@saiiresorts.com,4.12422,Ehmafushi,"Dream Islands Development 2 Pvt. Ltd. 
H. #02-01, Millennia Tower, 10 Ameer Ahmed Magu, Male', Republic of Maldives",,Eh'mafushi,73.46291,Saii Lagoon Maldives,9606651300,136,rsvn.lagoon@SAiiresorts.com,6651300,170.0,"Dream Islands Development 2 Pvt. Ltd. 
H. #02-01, Millennia Tower, 10 Ameer Ahmed Magu, Male', Republic of Maldives",340.0,Kaafu,,77,170.0,LD1501,Operating,73.46290561530026,4.124217728780036
236.0,,gm@embudhuvillage.com / sales@embudhuvillage.com.mv,4.08408,En'boodhoo,"Kaimoo Travels & Hotels Services Pte. Ltd.
H. Maagala, Meheli Goalhi
Male', Republic of Maldives
kaimoo@dhivehinet.net.mv",,Embudhu,73.51214,Embudhu Village,"3322212
3318005",55,kaimoo@dhivehinet.net.mv,664 4776.,118.0,"Kaimoo Travels & Hotels Services Pvt. Ltd.
H. Maagala, Meheli Goalhi
Male', Republic of Maldives",236.0,Kaafu,3318057,78,118.0,LD0816,Operating,73.5121416542002,4.084077363269998
64.0,400600,exotica.maldives@tajhotels.com,4.10484,En'boodhooFinolhu,"Hima Holdings Pvt Ltd
2/44 Orchid Magu
Male', Republic of Maldives",,Embudhu Finolhu,73.52473,Taj Exotica Resort & Spa Maldives,3317530,154,exotica.maldives@tajhotels.com,400600,134.0,"TAL Maldives Resorts Pvt. Ltd 
H. Sifa, 4th Floor B
Boduthakurufaanu Magu
Male', Republic of Maldives",64.0,Kaafu,,79,134.0,LD0524,Operating,73.5247332602002,4.10483979827
152.0,6644487,reservations@eriyadumaldives.com,4.59,Eriadhoo,"Eri Holdings Pvt Ltd 
M. Kaneeru Villa, 4th Floor,
Orchid Magu, 
Male’, Republic of Maldives",-,Eriyadhu,73.41449,Eri Maldives,9130614,58,reservations@eriyadumaldives.com,6644487,76.0,"Eri Holdings Pvt Ltd 
M. Kaneeru Villa, 4th Floor,
Orchid Magu, 
Male’, Republic of Maldives",152.0,Kaafu,-,80,76.0,LD0648,Operating,73.41449296760032,4.590002494290013
232.0,,maldives.reservations@ritzcarlton.com,4.60225,Fari Kandu Huraa,"MESA RF Pvt Ltd 
M. Faaroshige (2nd Floor)
Orchid Magu 
Male', Republic of Maldives","Marriot Hotels Maldives Pvt Ltd
H. Millenia Tower, #04-01
10 Ameer Ahmed Magu
Male', Republic of Maldives",Fari Kandu Huraa,73.58197,The Ritz Carlton Maldives Fari Islands,4000999,158,mark.hehir@ritzcarlton.com,,116.0,"CPRC (Maldives) Pvt Ltd 
H. Millenia Tower, #02-01
10 Ameer Ahmed Magu
Male', Republic of Maldives",232.0,Kaafu,,81,116.0,LD1705,Operating,73.58197277320015,4.602251559450007
258.0,,info@patinamaldives.com,4.62675,Fari Veli Huraa,"MESA RF Pvt Ltd 
M. Faaroshige (2nd Floor)
Orchid Magu 
Male', Republic of Maldives","Capella Hotel Group Management (Maldives) Pvt Ltd 
H. Millenia Tower, #02-01
10 Ameer Ahmed Magu
Male', Republic of Maldives",Fari Veli Huraa,73.57184,"Patina Maldives, Fari Islands",7846861,123,marco.denouden@patinahotels.com / chris.chuah@mesarf.com,,123.0,"Tomlinson Investment Pvt Ltd
H. Millenia Tower, #02-01
10 Ameer Ahmed Magu
Male', Republic of Maldives",258.0,Kaafu,,82,123.0,LD0691,Operating,73.57183989410018,4.626745040209993
300.0,664 2903,info@fihalhohi.com.mv,3.8773,Fihaalhohi,"Fehi Moorithi Pvt Ltd 
6th Floor, Moorithi Buiding 
Chaandhanee Magu
Male' City, Republic of Maldives",,Fihaalhohi,73.36717,Fihaalhohi Maldives,3006876,59,info@fehimoorithi.com,664 2903,150.0,"Fehi Moorithi Pvt Ltd 
6th Floor, Moorithi Buiding 
Chaandhanee Magu
Male', Republic of Maldives",300.0,Kaafu,3006879,83,150.0,LD0516,Operating,73.36717248220423,3.87730007745712
352.0,6642010,sheraton.maldives@sheraton.com,4.24985,Furanafushi,"Manta Resort Holdings II Pvt. Ltd 
H. #02-01, Millennia Tower
10 Ameer Ahmed Magu 20026
Male', Republic of Maldives","Marriott Hotels Maldives Pvt Ltd
H. #04-01, Millennia Tower
10 Ameer Ahmed Magu 20026
Male', Republic of Maldives",Furanafushi,73.54558,Sheraton Maldives Full Moon Resort & Spa,7931698,138,vijay.kumar@marriott.com,6642010,176.0,"Manta Resort Holdings II Pvt. Ltd 
H. #02-01, Millennia Tower
10 Ameer Ahmed Magu 20026
Male', Republic of Maldives",352.0,Kaafu,,84,176.0,LD1177,Operating,73.54558271550017,4.249852499380037
104.0,,kanvcrec01@clubmed.com,4.36134,Gasfinolhu,"Global Pvt Ltd
Champa Building, 3rd Floor
Kandi Dhon Manik Goalhi
Male', Rep.. of Maldives",,Gasfinolhu,73.62629,Club Med Finolhu Villas,"3314149
6642078",32,kanvcrec01@clubmed.com,660 8800,52.0,"Maldivian Holiday Villages Private Ltd
c/o Club Med Hong Kong Limited
PO Box 2051
Male', Republic of Maldives",104.0,Kaafu,"3314150
6645941",85,52.0,LD0803,Operating,73.62629177660011,4.361336513769994
280.0,664 3880,crf@chr.co.th,4.20046,Giraavaru,"Legal Heirs of Late Mr. Abdul Rauf, M. Snow Rose, Male', Republic of Maldives:

1. Aishath Shareef 
G. Summer Rose, Male', Republic of Maldives
2. Aminath Rifna
G. Nasru Villa, Male', Republic of Maldives
3. Fathimath Anoosha 
M. Snow Rose, Male', Republ",-,Giraavaru,73.41284,Centara Ras Fushi Resort & Spa,3306566,27,sales@chr.co.th; crf@chr.co.th,664 3880,140.0,"Centara Maldives Pvt. Ltd. 
C/O. SHAH, HUSSAIN & CO. Barristers and Attorneys, 
H. Aage, 6th Floor,
Boduthakurufaanu Magu, Male', Republic of Maldives",280.0,Kaafu,3309796,86,140.0,LD0689,Operating,73.4128407068003,4.200463835869995
352.0,4000077,sales.helengeli@coloursofoblu.com/ https://oblunaturehelengeli.com-maldives.com/en/,4.63439,Helen'geli,"Helengeli Island Resort Pvt Ltd 
H.Orchid Maage  
Ameer Ahmed Magu
Male', Rep. of Maldives",,Helengeli,73.56346,Oblu By Atmosphere at Helengeli,3339992,117,fc@oblu-helengeli.com,4000077,176.0,"S.P.C Pvt Ltd 
(East Wing) Aage, 2nd Floor
12 Boduthakurufaanu Magu
Male, Rep. of Maldives",352.0,Kaafu,3339998,87,176.0,LD0036,Operating,73.56346318630015,4.63438634519001
128.0,,tajcoralreef@tajhotels.com,4.48168,Hen'badhoo,"Tal Maldives Resorts Pvt. Ltd.
(Taj Group of Hotels, India)
G. Maajehige, 1st Floor
Lily Magu
Male', Republic of Maldives
tajmale@dhivehinet.net.mv",,Hembadhu,73.39332,Taj Coral Reef Resort and Spa,3317530,153,tajmale@dhivehinet.net.mv,664-1948,64.0,"Tal Maldives Resorts Pvt. Ltd.
(Taj Group of Hotels, India)
G. Maajehige, 1st Floor
Lily Magu
Male', Republic of Maldives
",128.0,Kaafu,3314059,88,64.0,LD0331,Operating,73.39332085970034,4.481681943729995
90.0,960 664 3502,reservations-ihuru@angsana.com,4.30676,Ihuru,"Ihuru Investments Pvt Ltd 
Ma. Rimkhaa, Ground Floor
Dhilbahaaru Goalhi,
Male', Republic of Maldives","Banyan Tree Resorts Ltd
China Insurance Group Building, 2401, 24th floor, 141 Des Voeux Road Central, Hong Kong",Ihuru,73.41604,Dhawa Ihuru,6658205,44,mohamed.naeem@banyantree.com,960 664 3502,45.0,"Maldives Angsana Pvt Ltd 
M. Gulfaamuge, 04th Floor
Fareedhee Magu
Male', Republic of Maldives",90.0,Kaafu,"(65)4620186
6645933",89,45.0,LD0154,Operating,73.41604074850032,4.30675694634999
306.0,6626888,alex@cocoonmaldives.com; akbar@akbar.com,4.51897,Island 1 Plot of Lagoon,"AB Lagoon Pvt Ltd
H. Sonary, 2nd Floor,
Boduthakurufaanu Magu,
Male', Republic of Maldives",,Island 1 Plot of Lagoon,73.66133,Joy Island,6626888 / 6649966 / 3016888,82,"booking@cocoonmaldives.com
info@cocoonmaldives.com",6626888,153.0,"Joy Resort Pvt Ltd 
H. Sonary, 2nd Floor,
Boduthakurufaanu Magu,
Male', Republic of Maldives",306.0,Kaafu,,90,153.0,LD1762,Operating,73.6613339861001,4.518971265600018
272.0,4000300,"etienne.dalancon@waldorfastoria,com",4.01267,Ithaafushi,"Ithaafushi Investments Pvt. Ltd.
H. Sea Side, Level One, 
Boduthakurufaanu Magu
Male', Republic of Maldives",,Ithaafushi,73.3825,Waldorf Astoria Maldives Ithaafushi,3325602,172,suzan@hotelresortsconstruction.com,4000300,136.0,"Ithaafushi Investments Pvt. Ltd. 
H. Sea Side, Level One, 
Boduthakurufaanu Magu
Male', Republic of Maldives",272.0,Kaafu,3325601,91,136.0,LD1507,Operating,73.38249948520036,4.012669193
100.0,6640664,info@kagimaldives.com,4.67673,Kagi,"Kagi Development Pvt Ltd
Champa Building, 3rd Floor
Kandi Dhon Maniku Goalhi
Male', Republic of Maldives",,Kagi,73.50113,Kagi Maldives Resort and Spa,3326712,85,cfo@champaresorts.com,6640123,50.0,"Kagi Development Pvt Ltd 
Champa Building, 3rd Floor
Kandi Dhon Maniku Goalhi
Male', Republic of Maldives",100.0,Kaafu,-,92,50.0,LD0843,Operating,73.50112663580022,4.676727980919999
324.0,6640511,sales.hikandooma@ihg.com / reservations.hikandooma@ihg.com,3.90324,Kan'doomaafushi,"Kandooma Holdings Pvt Ltd 
H. Aagadhage Building, 5th Floor, 
Boduthakurufaanu Magu, 
Male', Republic of Maldives","Intercontinental Hotels Group (Greater China) Ltd 
Level 54, Hopewell Centre, 
Hong Kong, 183 Queens Road East, China",Kandoomafushi,73.47356,Holiday Inn Resort Kandooma Maldives,3314377,73,sales.hikandooma@ihg.com / reservations.hikandooma@ihg.com,6640511,162.0,"Leisure Holidays Pvt Ltd
H. Millennia Tower, #02-01, 10 
Ameer Ahmed Magu, 20026, 
Male', Republic ofMaldives",324.0,Kaafu,3314378,93,162.0,LD0377,Operating,73.47355739480025,3.903241749120033
544.0,,info@cyprea.com.mv / kancplan01@clubmed.com,4.34357,Kanifinolhu,"Cyprea Pvt. Ltd. (436)
66/17 Boduthakurufaanu Magu
Male', Republic of Maldives",,Kanifinolhu,73.6082,Club Med Kanifinolhu,332 2451,33,info@cyprea.com.mv,6644859 / 6643152,272.0,"Maldivian Holiday Villages Ltd  (On Behalf of Club Mediterrannee S. A) (FC-0007/2012)
11 Rue De Cambrai
75957 Paris Cedex 19, France",544.0,Kaafu,332 3523,94,272.0,LD0960,Operating,73.60820482860012,4.343569287560014
296.0,664-0055,dhonveli@cinnamonhotels.com,4.319,Kanuoiyhuraa,"Tranquility Pvt. Ltd. 
2nd Floor H. Maizan Building
Sosun Magu
Male', Republic of Maldives",,Kanuoiy Huraa,73.59113,Cinnamon Dhonveli Maldives,"3326219
3313738",29,jkmr@keells.com.mv,664-0055,148.0,"Tranquility Pvt. Ltd. 
2nd Floor H. Maizan Building
Sosun Magu
Male', Republic of Maldives",296.0,Kaafu,3326264,95,148.0,LD0157,Operating,73.59113179580015,4.319002679730006
250.0,,info.gpkd@parkhotelgroup.com,4.25995,Kohdhipparu,"CES Park Kodhipparu Pvt Ltd
H. Aage, 6th Floor
Male', Republic of Maldives",,Kodhipparu,73.38008,Grand Park Kodhipparu Maldives,6651111,69,"info@parkhotelgroup.com
raffaele.solferino@parkhotelgroup.com",665 1111,125.0,"CES Park Kodhipparu Pvt Ltd 
H. Aage, 6th Floor
Male', Republic of Maldives",250.0,Kaafu,6651122,96,125.0,LD0283,Operating,73.38008481290035,4.259945614320023
252.0,7300500,gaurav.thakur@hilton.com,4.25003,Kohdhipparu Lagoon,"Amingiri Holdings Pvt Ltd 
M. World Dream, 2nd Floor
Handhuvaree Hingun
Male', Republic of Maldives","Hilton Worldwide Manage Ltd 
H. Level 1&2
Orchidmaage
Male', Republic of Maldives",Kohdhipparu Lagoon,73.36676,Hilton Maldives Amingiri Resort & Spa,7776789,72,nihad@amin.mv,7300500,126.0,"Amingiri Holdings Pvt Ltd 
M. World Dream, 2nd Floor
Handhuvaree Hingun
Male', Republic of Maldives",252.0,Kaafu,,97,126.0,LD1761,Operating,73.36676111010038,4.250027211970018
164.0,6644556,reservations@malahini.mv,4.26386,Kudaban'dos,"Malahini Holdings Pvt Ltd 
H. Jazeera, 03rd Floor, No. 15
Boduthakurufaanu Magu
Male', Republic of Maldives",,Kuda Bandos,73.49973,Malahini Kuda Bandos,6644556,104,social@malahini.mv,6644556,82.0,"Malahini Holdings Pvt Ltd 
H. Jazeera, 03rd Floor, No. 15
Boduthakurufaanu Magu
Male', Republic of Maldives",164.0,Kaafu,,98,82.0,LD0230,Operating,73.49973404280023,4.263861152670008
224.0,,RESERVATIONS.MAL@FOURSEASONS.COM,4.3282,KudaHuraa,"HPL Resorts (Maldives) Private Limited.
M. Lux Lodge, 2nd Floor
Orchid Magu
Male', Republic of Maldives","Fs Kuda Huraa Hotel Management Pvt. Ltd. 
c/o Four Seasons Hotels and Resorts Asia Pacific Pte. Ltd, 1 Orchard Sprig Lane #04-01, Tourism Court, Singapore 247729",Kuda Huraa,73.59753,Four Seasons Resort Maldives at Kuda Huraa,6644888,63,reservations.maldives@four-seasons.com,9606600888,112.0,"Four Seasons Hotel & Resorts BVI
(On behalf ofHPL Resorts (Maldives) Pvt. Ltd. 
Aurora Building, 7th Floor, Stadhouderskade 2
1054 Es Amsterdam, Netherlands",224.0,Kaafu,6644888,99,112.0,LD1114,Operating,73.59753118560016,4.328199480310002
198.0,,reservations@kudavillingili.com / gm-kudavillingili@mfarhotels.com,4.37657,Vilin'gilimathidhahuraa,"MFAR Kudavillingili Pvt Ltd 
H. Magma (3rd Floor)
Nasheed & Co LLP 
Sikka Goalhi 
Male', Republic of Maldives",,Kudavillingili,73.66244,Kuda Villingili Resort Maldives,3322660,91,nahiz.ali@mfarhotels.com,,99.0,"MFAR Kudavillingili Pvt Ltd
H. Magma (3rd Floor)
Nasheed & Co LLP 
Sikka Goalhi 
Male', Republic of Maldives",198.0,Kaafu,,100,99.0,LD0215,Operating,73.66243544240011,4.376568686069993
568.0,3316161,hello@villaresorts.com,4.28569,Lankanfinolhu,"Diza Travel & Trade Pvt. Ltd.
Villa Building, Ibrahim Hassan Didi Magu
Male', Republic of Maldives
info@villa.com.mv",,Lankanfinolhu,73.55407,Villa Nautica Paradise Island,3344777,169,info@villa.com.mv,3316161,284.0,"Villa Shipping & Trading Company Pvt.Ltd.
(on behalf of Diza Trade & Travels Pvt. Ltd.)
Villa Building, Ibrahim Hassan Didi Magu
Male', Republic of Maldives",568.0,Kaafu,3325177,101,284.0,LD0972,Operating,73.55407308140018,4.285685453290005
98.0,664-0304,mr.friday@gili-lankanfushi.com,4.29491,Lankanfushi,"Transco Pvt Ltd
2nd Floor, H. Marvel
Male', Republic of Maldives",,Lankanfushi,73.55825,Gili Lankanfushi,3336663,68,promus@sonevagili.com.mv,664-0304,49.0,"Promus Pvt. Ltd.
2nd Floor, 3/4 Faamudheyri Magu
Male', Republic of Maldives",98.0,Kaafu,,102,49.0,LD0886,Operating,73.55824530150016,4.294906231060017
404.0,6641930,reservations@adaaran.com.mv,4.35055,Lhohifushi,"Altaf Enterprises Pvt. Ltd. 
H. No.8, Ibrahim Hassan Didi Magu, 
Male', Republic of Maldives",-,Lhohifushi,73.61797,Adaaran Select Hudhuranfushi,"3323323
3315238",4,info@adaaran.com,6641930,202.0,"A.D.S Resorts Pvt. Ltd.
H. Thuniya, 6th Floor, 
Boduthakurufaanu Magu, 
Male', Republic of Maldives",404.0,Kaafu,3315237,103,202.0,LD0473,Operating,73.61796572190013,4.350552143640023
214.0,400 2222,reservations@ozen-maadhoo.com.,3.87196,Maadhoo,"M.T.R Holdings Pvt Ltd 
Premier Chambers
M. Lux Lodge, 02nd Floor
Orchid Magu
Male', Rep. of Maldives","Atmosphere Core Pte Ltd 
H. Aage, 03rd Floor
12, Boduthakurufaanu Magu
Male', Republic of Maldives",Maadhoo,73.45882,Ozen By Atmosphere At Maadhoo,3339992,121,shrikant@atmospherehotelsandresorts.com,400 2222,107.0,"D.P.C Private Limited 
H.Aage, 3rd Floor
12, Boduthakurufaanu Magu
Male', Rep. of Maldives",214.0,Kaafu,3339998,104,107.0,LD0128,Operating,73.45881659350421,3.871963908769526
124.0,3316242,"info@oagaresorts.com, info@radhun-resorts.com",4.60946,Maaranfushi,"Radhun Resort and Investments Private Limited 
H. Ranrinbudhoo
Ameer Ahmed Magu
Male’, Republic of Maldives",,Maaranfushi,73.41988,Oaga Art Resort,3342737,116,"info@oagaresorts.com, info@radhun-resorts.com",3316242,62.0,"Radhun Resort and Investments Private Limited 
H. Ranrinbudhoo
Ameer Ahmed Magu
Male’, Republic of Maldives",124.0,Kaafu,,105,62.0,LD1500,Operating,73.41988320070031,4.609459490639994
250.0,400700,imran.ali@shuaz.mv,4.50086,Madivaru,"Dhonkeyo Investments Pvt Ltd
Ma. Seeraazeege 
Seeraazee Goalhi
Male', Republic of Maldives","Prospect Pvt Ltd 
H. Aage (6th Floor) 
Boduthakurufaanu Magu
Male', Republic of Maldives",Madivaru,73.36845,Varu Island Resort,3333000,164,imran.ali@shuaz.mv,400700,125.0,"Shuaz Investment Pvt Ltd 
M. Shuaz 
Orchid Magu 
Male', Republic of Maldives",250.0,Kaafu,3333713,106,125.0,LD0436,Operating,73.36844841387533,4.500863982677674
100.0,,info@rihiveliiresort.com,3.8123,Mahaanaelhihuraa,"Maahal Tours Pvt Ltd 
Ma. Thandinoomaage, Ground Floor
Badifasgandu Magu
Male', Republic of Maldives","BeachX Pvt Ltd 
Hulhumale' Lot No. 10066 (Simry)
Dhiggaa Magu 
Male', Republic of Maldives",Mahaana elhi Huraa,73.41128,Rihiveli Maldives Resort,9330339,131,info@rihiveliiresort.com,,50.0,"BeachX Pvt Ltd 
Hulhumale' Lot No. 10066 (Simry)
Dhiggaa Magu 
Male', Republic of Maldives",100.0,Kaafu,,107,50.0,LD0633,Not Operating,73.41128374690032,3.812296796410024
72.0,664 6464,info@makunudu.com,4.54272,Makunudhoo,"Sunland Travels (Pvt) Ltd.
H.Millenia
Ameeru Ahmed Magu
Male', Republic of Maldives
sunland@dhivehinet.net.mv",,Makunudhoo,73.40568,Makunudu Island,3324658,103,sunland@dhivehinet.net.mv,664 6464,36.0,"Sunland Travel (Pvt) Ltd.
G.Shafaq,7th Floor
Rah Dhebai Magu
Male', Republic of Maldives",72.0,Kaafu,3325543,108,36.0,LD1142,Operating,73.40567896736661,4.542717537882416
66.0,,res.cocoaisland@comohotels.com,3.91793,Makunufushi,"Ahmed Fayaz Waheed
Shaamilaa Abdulla
Mohamed Niyaz Waheed
Aminath Riyaaza Waheed
Aishath Shiyaaza Waheed
Fathmath Shifaza waheed
Hawwa Hifaza Waheed
Ibrahim Shiyaz Waheed
Hassan Mafaz Waheed
mariyam Ali
M. Sosunmaage, Male'
(Legal Heirs of the late Abdul",,Makunufushi,73.47008,Cocoa Island,6641818,36,oscar.perez@comohotels.com,6641818,33.0,"Orchid Resorts Management Pvt. Ltd.
H. Deens Villa, Meheli Goalhi
Male', Republic of Maldives",66.0,Kaafu,6641919,109,33.0,LD0202,Operating,73.47008092650026,3.917930983400002
268.0,6648800,reservations@oneandonlyreethirah.com,4.51106,Medhufinolhu,"Reethi Rah Resort Pvt. Ltd.
1st Floor, Fasmeeru Building
Boduthakurufaanu Magu
Male', Republic of Maldives","One & Only (Indian Ocean) Management Ltd.
1st Floor, Fasmeeru building 
Boduthakurufaanu magu
Male', Republic of Maldives",Medhufinolhu,73.36973,"One & Only Reethi Rah, Maldives",3310550,119,reservations@oneandonlyreethirah.com,6648800,134.0,"Reethi Rah Resort Pvt. Ltd.
1st Floor, Fasmeeru Building
Boduthakurufaanu Magu
Male', Republic of Maldives",268.0,Kaafu,3310660,110,134.0,LD0527,Operating,73.36972540940037,4.511063998100007
572.0,6645946,reservations@meeru.com,4.45399,Meerufenfushi,"KASA Holdings Pvt. Ltd.
Champa Building 3rd Floor
Male', Republic of Maldives",,Meerufenfushi,73.71687,Meeru Maldives Resort Island,3314149,106,"cfo@champaresorts.com
reservations@meeru.com",6645946,286.0,"KASA Holdings Pvt. Ltd.
Champa Building 3rd Floor
Male', Republic of Maldives",572.0,Kaafu,3314150,111,286.0,LD1071,Operating,73.71686807550009,4.453985983340004
102.0,6644222,stay@huvafenfushi.com / www.huvafenfushi.com,4.36855,Nakaiychaafushi,"Nakatchafushi Holdings Pvt. Ltd.
H. 39, Orchid Magu
Male', Republic of Maldivesv","Nakatchafushi Holdings Pvt. Ltd. 
H. 39, Orchid Magu
Male', Republic of Maldives",Nakatchafushi,73.3707,Huvafenfushi Maldives,3323080,76,stay@huvafenfushi.com,6644222,51.0,"Nakatchafushi Holdings Pvt. Ltd.  
H. 39, Orchid Magu
Male', Republic of Maldives",102.0,Kaafu,3320274,112,51.0,LD0765,Operating,73.37070282870037,4.36855153939
182.0,-,reservations.jmh@jumeirah.com,4.69021,Olhuhali,"Trifidus Investments Pvt Ltd 
M. Kaneeru Villa, 6th Floor,
Orchid Magu,
Male', Republic of Maldives","Maldives 1 Hospitality Pvt Ltd 
H. Millenia Tower, #02-01,
10 Ameer Ahmed Magu,
Male', Republic of Maldives",Olhahali,73.45093,Jumeirah Maldives Olhahali Island,"7731865
7951795",83,"lamaan@sandalawyers.com
sama@sandalawyers.com",6682600,91.0,"Grand Meridian Pvt Ltd 
H. #04-01, Millennia Tower,
10 Ameer Ahmed Magu,
Male', Republic of Maldives",182.0,Kaafu,-,113,91.0,LD0482,Operating,73.45092666370026,4.690209916460014
654.0,6642788,customercare@olhuvelimaldives.com,3.85121,Olhuveli,"Hotels and Resorts Holdings Pvt. Ltd.
H. Sun Siyam Building
Boduthakurufaanu Magu 
Male', Republic of Maldives",,Olhuveli,73.45564,Sun Siyam Olhuveli Maldives,3325977,151,info@sunsiyam.com,6642788,327.0,"Emerald Resort Pvt. Ltd 
H. Sun Siyam Building
Boduthakurufaanu Magu 
Male', Republic of Maldives",654.0,Kaafu,3333897,114,327.0,LD0756,Operating,73.45564349321282,3.851211627973823
244.0,6642688,reservations@adaaran.com.mv,3.9033,Rannaalhi,"Jetan Travel Services Company Pvt Ltd
H. Thuniya Building (6th Floor) 
Boduthakurufaanu Magu
Male', Republic of Maldives",,Rannalhi,73.35786,Adaaran Club Rannalhi,3323323,2,info@adaaran.com,6642688,122.0,"Jetan Travel Services Company Pvt Ltd
H. Thuniya Building (6th Floor) 
Boduthakurufaanu Magu
Male', Republic of Maldives",244.0,Kaafu,3315238,115,122.0,LD0196,Operating,73.35786441030041,3.903295466939994
174.0,,reserve@thulhagiri.com.mv,4.31178,Thulhaagiri,"Thulhaagiri Development Pvt. Ltd.
C/O Jenin Agency Pvt. Ltd.
Ma. Satharuge, Chaandhanee Magu
Male', Republic of Maldives
rk0812@dhivehinet.net.mv",,Thulhaagiri,73.48721,Thulhagiri Island Resort & Spa,3313523,162,hr@thulhagiri.com.mv,6645930,87.0,"Angiri Resorts Mngmt. & Operation Pvt. Ltd.
M. New Plot
Ameenee Magu
Male', Republic of Maldives",174.0,Kaafu,3313522,116,87.0,LD0929,Operating,73.48721497880022,4.31177824052
100.0,6643976,reservations@adaaran.com.mv,4.12417,Vaadhoo,"Unique Resorts Pvt Ltd
#7-A, STO Aifaanu Building
Boduthakurufaanu Magu
Male' Republic of Maldives",,Vaadhoo,73.45721,Adaaran Prestige Vadoo,3323323 / 3315238,3,mahdy@aitkenspence.lk / info@adaaran.com,6643976,50.0,"Unique Resorts Pvt Ltd
#7-A, STO Aifaanu Building
Boduthakurufaanu Magu
Male' Republic of Maldives",100.0,Kaafu,3315237,117,50.0,LD0903,Operating,73.45720584726006,4.124173622759374
96.0,,reservations-vabbinfaru@banyantree.com,4.30977,Vabbinfaru,"Vabbinvest Maldives Pvt. Ltd, 
K. Vabbinfaru 
 c/o 211 Upper Bukit Timah Road
 Singapore 588182",Banyan Tree Resorts Ltd,Vabbinfaru,73.42395,Banyan Tree Maldives Vabbinfaru,"(65)8495888
6643147",19,mohamed.naeem@banyantree.com,960 664 3147,48.0,"Vabbinvest Maldives Pvt. Ltd, 
 K. Vabbinfaru 
 c/o 211 Upper Bukit Timah Road
 Singapore 588182",96.0,Kaafu,"(65)4620186
6643147",118,48.0,LD0311,Operating,73.4239501812003,4.309774603560012
258.0,,reservations@velassaru.com / info@velassaru.com,4.12142,Velassaru,"Universal Enterprises Ltd.
39, Orchid Magu
Male', Republic of Maldives
sales@unient.com.mvv",,Velassaru,73.43701,Velassaru Maldives,"3323080
6643042",166,sales@unient.com.mv,6643041,129.0,"Universal Enterprises Ltd.
39, Orchid Magu
Male', Republic of Maldives",258.0,Kaafu,"3320274
3322678",119,129.0,LD0954,Operating,73.43700645820029,4.121422675849983
176.0,,velimaldives@anantara.com / stay@naladhu.com,3.97173,Veligan'duhuraa,"SS & L Beach Pvt Ltd 
H. #02-01, Millennia Tower
10 Ameer Ahmed Magu
Male', Republic of Maldives","Minor Hotel Group (Maldives) Pvt Ltd 
Anantara Kihavah Villas
B. Kihavah Huravalhi
Republic of Maldives",Veligan'du Huraa,73.50645,Anantara Veli and Naladhu,7797779,11,shahdy@sandalawyers.com,6644111,88.0,"SS & L Beach Pvt Ltd 
H. #02-01, Millennia Tower
10 Ameer Ahmed Magu
Male', Republic of Maldives",176.0,Kaafu,,120,88.0,LD1134,Operating,73.50645184830023,3.971725955430015
362.0,,kurumba@kurumba.com,4.22666,Vihamanaafushi,"Mr. Mohamed Umar Manik  (A053530)
M. Rukkara
Male', Republic of Maldives",,Vihamanaafushi,73.51985,Kurumba Maldives,3323080,96,kurumba@kurumba.com.mv,6643885,181.0,"Vihamanaafushi Holdings Pvt Ltd (C-0448/2011)
39, Orchid Magu
Male'City, Republic of Maldives",362.0,Kaafu,3333618,121,181.0,LD1039,Operating,73.5198506919002,4.226664759240014
314.0,,reservations@summerislandmaldives.com,4.53315,Ziyaaraiyfushi,"Ziyaraiy Maldives Pvt. Ltd. 
M. Nooranee Aage 
Male', Republic of Maldives",,Ziyaaraiyfushi,73.37249,Summer Island Maldives,"3322212
3318005",148,reservations@summerislandmaldives.com,664 1949,157.0,"Kaimoo Travels and Hotel Services Pte. Ltd.
20-06, H.Roanuge
Ameeru Ahmed Magu
Male', Republic of Maldives",314.0,Kaafu,3318057,122,157.0,LD0399,Operating,73.37249253080037,4.53314728440002
162.0,,rahaa@rahaaresort.com,1.79938,Fares,"Heavy Load Maldives Pvt Ltd 
M. Gulhazaaruge 
Fareedhee Magu 
Male', Republic of Maldives",,Kudafares and Fares,73.30096,Rahaa Resort,"6800044
7428005",128,"info@rahaaresort.com
ismail@rahaaresort.com",,81.0,"MO Hotels and Resorts Pvt Ltd 
M. Gulhazaaruge 
Fareedhee Magu 
Male', Republic of Maldives",162.0,Laamu,,123,81.0,LD0988,Operating,73.30095692460054,1.799377608320025
198.0,,reservations-laamu@sixsenses.com,1.81692,Olhuveli,"Leisure Frontiers Pvt. Ltd
 H.#02-01, Millenia Tower
 10, Ameeru Ahmed Magu
 Male', Rep of Maldives",,Olhuveli,73.40487,Six Senses Laamu,301 3200,141,"shahdy@suoodanwar.com
may.anchoriz@sixsenses.com",680 0800,99.0,"Leisure Frontiers Pvt. Ltd
 H.#02-01, Millenia Tower
 10, Ameeru Ahmed Magu
 Male', Rep of Maldives",198.0,Laamu,,124,99.0,LD1118,Operating,73.40487212240035,1.816918437400006
186.0,6628888,,5.32452,Dheruffinolhu,"Champalars Holdings Pvt Ltd 
M. Champa Building 4th Floor, 
Kandi Dhonmaniku Goalhi, 
Male', Republic of Maldives",-,Dheruhfinolhu,73.64725,Dheruhfinolhu by Jawakara Islands Maldives,7785035,45,reservations@jawakara.com,6629999,93.0,"Champalars Holdings Pvt Ltd 
M. Champa Building 4th Floor, 
Kandi Dhonmaniku Goalhi, 
Male', Republic of Maldives",186.0,Lhaviyani,-,125,93.0,LD0234,Operating,73.6472506739001,5.324516017759992
126.0,6620303,reservations@fushifaru.com,5.49127,Fushifaru,"Fushifaru Investments Pvt Ltd
M. Loobiya, 4th Floor
Ameenee Magu
Male', Republic of Maldives",,Fushifaru,73.51518,Fushifaru Maldives,3331512,66,info@fushifaru.com,6620202,63.0,"Fushifaru Investments Pvt Ltd 
M. Loobiya, 4th Floor
Ameenee Magu
Male', Republic of Maldives",126.0,Lhaviyani,3331513,126,63.0,LD1020,Operating,73.5151786832002,5.491265157190034
180.0,,reservations@hurawalhi.com,5.52117,Huravalhi,"Champalars Holdings Pvt Ltd 
M. Champa Building, 4th Floor
Kani Dhonmaniku Goalhi
Male', Republic of Maldives",,Huravalhi,73.44155,Hurawalhi Island Resort,3326545,75,md@champabrothers.com,6622000,90.0,"Champalars Holdings Pvt Ltd 
M. Champa Building, 4th Floor
Kani Dhonmaniku Goalhi
Male', Republic of Maldives",180.0,Lhaviyani,3326544,127,90.0,LD0980,Operating,73.44155346610027,5.521173622270007
156.0,6620000,resevation@innahura.com,5.35031,Innahuraa,"Champalars Holdings Pvt Ltd (
M. Champa Building, 4th Floor
Male', Republic of Maldives","Champalars Holdings Pvt Ltd 
M. Champa Building, 4th Floor
Male', Republic of Maldives",Innahuraa,73.65412,Innahura Maldives Resort,6620000,77,resevation@innahura.com,6620000,78.0,"Champalars Holdings Pvt Ltd 
M. Champa Building, 4th Floor
Male', Republic of Maldives",156.0,Lhaviyani,6620662,128,78.0,LD0797,Not Operating,73.6541215698001,5.350308807159997
380.0,,sales@atmosphere-kanifushi.com,5.36445,Kanifushi,"Kanifushi Investment Pvt. Ltd.
M. Rowville, 5th Floor
Fareedhee Magu
Male, Rep of Maldives","Atmosphere Kani Resort Pvt. Ltd
Aage, 02nd Floor
12 Boduthakurufaanu Magu
Male', Rep of Maldives",Kanifushi,73.33591,Atmosphere Kanifushi Maldives,3006554,14,info@kanifushi.com.mv,3339992,190.0,"Kanifushi Investment Pvt. Ltd
M. Rowville, 5th Floor
Fareedhee Magu
Male, Rep of Maldives",380.0,Lhaviyani,3006557,129,190.0,LD1178,Operating,73.33591452870041,5.364451732750009
192.0,6620044,info@sixsenses.com / http://www.sixsenses.com/,5.53287,Kanuhuraa,"Leisure Oceans Pvt Ltd 
H. Millenia Tower
 Ameer Ahmed Magu
 Male’, Republic of Maldives","Sustainable Luxury Maldives Pvt Ltd 
M. Lux Lodge
 Orchid Magu 2013
Male’, Republic of Maldives",Kanuhuraa,73.50618,Six Senses Kanuhura,7786424,140,mohamed.riza@sixsenses.com,6620044,96.0,"Leisure Oceans Pvt Ltd 
H. Millenia Tower
 Ameer Ahmed Magu
 Male’, Republic of Maldives",192.0,Lhaviyani,,130,96.0,LD0333,Operating,73.5061773700088,5.532869693885028
130.0,662 1010,reservations@komandoo.com,5.49337,Komandoo,"Komandoo Holdings Pvt. Ltd.
CHP-3
Kandi Dhon Manik Goalhi
Male', Republic of Maldives",,Komandoo,73.42428,Komandoo Island Resort,662 1010,89,main@ctnt.com,662 1010,65.0,"Komandoo Holdings Pvt. Ltd. 
CHP-3
Kandi Dhon Manik Goalhi
Male', Republic of Maldives",130.0,Lhaviyani,"39064706396
332 6544",131,65.0,LD1107,Operating,73.42427576920028,5.493367491309992
34.0,6622000,reservations@kudadoo.com,5.50286,Kudadhoo,"Champalars Holdings Pvt Ltd
M. Champa Building, 4th Floor
Kani Dhonmaniku Goalhi
Male', Republic of Maldives",-,Kudadhoo,73.43357,Kudadoo Maldives Private island,3386545,92,aslam@ctnt.com,6622000,17.0,"Champalars Holdings Pvt Ltd
M. Champa Building, 4th Floor
Kandi Dhonmaniku Goalhi
Male', Republic of Maldives",34.0,Lhaviyani,3326544,132,17.0,LD0837,Operating,73.43356673010004,5.502862969637459
778.0,662-0337,info@kuredu.com / reservations@kuredu.com,5.55067,Kurehdhoo,"Kuredhu Holdings (Pvt) Ltd. 
M. Champa Building, 4th Floor, Kandidhonmaniku Goalhi, Male', Republic ofMaldives",,Kuredu,73.46725,Kuredu Island Resort,3326545,95,main@ctnt.com,662-0337,389.0,"Kuredhu Holdings (Pvt) Ltd. 
M. Champa Building, 4th Floor, Kandidhonmaniku Goalhi, Male', Republic ofMaldives",778.0,Lhaviyani,3326544,133,389.0,LD0310,Operating,73.46725407320024,5.550669431760017
424.0,6629999,reservations@jawakara.com / https://jawakara.com/,5.33827,Maabinhuraa,"Kuredu Holdings Private Limited 
M. Champa Building, 4th Floor
Kandidhonmaniku Goalhi 
Male', Republic of Maldives",,Maabinhuraa,73.65237,Mabinhura by Jawakara Islands Maldives,7785035,101,aslam@ctnt.com,6629999,212.0,"Kuredu Holdings Private Limited 
M. Champa Building, 4th Floor
Kandidhonmaniku Goalhi 
Male', Republic of Maldives",424.0,Lhaviyani,,134,212.0,LD0187,Operating,73.65236593720012,5.338273511430016
302.0,,info@cocoonmaldives.com,5.28194,Ookolhufinolhu,"Cocoon Investments Pvt Ltd 
H. Sonary, 2nd Floor
Boduthakurufaanu Magu
Male', Republic of Maldives",,Ookolhu Finolhu,73.62287,Cocoon Maldives,3016888,38,info@cocoonmaldives.com,301 6800,151.0,"Cocoon Investments Pvt Ltd 
H. Sonary, 2nd Floor
Boduthakurufaanu Magu
Male', Republic of Maldives",302.0,Lhaviyani,3016800,135,151.0,LD1190,Operating,73.62286752380012,5.281942394169993
314.0,4008888,reservations.maldives@lemeridien.com,5.27332,Thilamaafushi,"CT At Thilamaafushi Pvt Ltd 
H. Asters Building
Ameer Ahmed Magu
Male', Republic of Maldives","Marriott Hotels Maldives Pvt Ltd
H. Millenia Tower, #04-01
10 Ameer Ahmed Magu
Male', Republic of Maldives",Thilamaafushi and Bodufinolhu,73.58716,Le Méridien Maldives Resort and Spa,3346439,97,philip@asters.com.mv,4008888,157.0,"CT At Thilamaafushi Pvt Ltd 
H. Asters Building
Ameer Ahmed Magu
Male', Republic of Maldives",314.0,Lhaviyani,,136,157.0,LD0879,Operating,73.58715861470014,5.273321252959998
200.0,,hakura@cinnamonhotels.com / resorts@cinnamonhotels.com,2.85395,Hakuraahuraa,"Fantasea World Investments Pvt. Ltd.
2nd Floor, H. Maizan Building
Sosun Magu
jkmr@dhivehinet.net.mv",,Hakuraahuraa,73.5394,Cinnamon Hakuraa Huraa Maldives,"3313738
3332867",30,manager@maleoffice.com.mv,672-6000,100.0,"Fantasea World Investments Pvt. Ltd.
C/O John Keells Maldivian Resorts Pvt. Ltd.
2nd Floor, H. Maizan Building
Sosun Magu
Male' 20-05, Republic of Maldives",200.0,Meemu,3326264,137,100.0,LD0322,Operating,73.5393996037002,2.853953223529998
174.0,,stay@madifushiprivateisland.com,3.08115,Madifushi,"Maldives Inflight Catering Pte Ltd
Velana International Airport
Hulhule' 22000, Republic of Maldives",,Madifushi,73.63839,Madifushi Private Island,6720000,102,stay@madifushiprivateisland.com,6720000,88.0,"Maldives Inflight Catering Pte Ltd
Velana International Airport
Hulhule' 22000, Republic of Maldives",174.0,Meemu,,138,88.0,LD0764,Operating,73.63839008610013,3.081148847680014
240.0,6720027,info@medhufushiisland.com / reservations@medhufushiisland.com,2.88633,Medhufushi,"Medhufushi Investment Pvt Ltd 
G. Neem, 
Majeedhee Magu, 
Male', Republic of Maldives",-,Medhufushi,73.57563,Medhufushi Island Resort,"+94 764 401 145/ 6, +94 114 323 729",105,sales@medhufushiisland.com,6720026,120.0,"Medhufushi Investment Pvt Ltd 
G. Neem, 
Majeedhee Magu, 
Male', Republic of Maldives",240.0,Meemu,-,139,120.0,LD0206,Operating,73.57563392490017,2.886330121119999
1060.0,,sales@siyamworld.com / stay@siyamworld.com,5.73252,Dhigurah,"Wego Pvt Ltd
H. Sun Siyam Building 
Boduthakurufaanu Magu 
Male', Republic of Maldives",,Dhigurah,73.35928,Siyam World Maldives,3325977,142,info@siyamworld.com,6567777,530.0,"Wego Maldives Pvt Ltd 
H. Sun Siyam Building 
Boduthakurufaanu Magu 
Male', Republic of Maldives",1060.0,Noonu,,140,530.0,LD1052,Operating,73.35928156754827,5.732524681846535
134.0,6565000,info@velaaprivateisland.com,5.83107,Fushivelavaru,"Velaa Asset Management Pvt Ltd 
M. Kaneeru Villa, 6th Floor
Orchid Magu 2012, 
Male', Republic of Maldives",,Fushivelaavaru,73.20934,Velaa Private Island Maldives,3010011,165,Mohamed.Mausoom@velaaisland.com,6565000,67.0,"Velaa Island Maldives Pvt Ltd 
M. Uniya, 4th Floor
Fareedhee Magu, 
Male', Republic of Maldives",134.0,Noonu,301 0022,141,67.0,LD0169,Operating,73.20933815470067,5.83106794138001
100.0,,info@nokuhotels.com,5.88469,Kudafunafaru,"Roxy Maldives Resort & Spa Pvt Ltd 
H. Millenia Tower, #02-01
10 Ameer Ahmed Magu
Male', Republic of Maldives",,Kudafunafaru,73.378,Noku Maldives,3013200,113,shahdy@suoodanwar.com,656 2020,50.0,"Roxy Maldives Resort & Spa Pvt Ltd 
H. Millenia Tower, #02-01
10 Ameer Ahmed Magu
Male', Republic of Maldives",100.0,Noonu,,142,50.0,LD0982,Operating,73.37800186050035,5.884693882140021
222.0,656-3000,Resort.Kuredhivaru.Reservations@movenpick.com,5.87521,Kuredhivaru,"Zen Resort Pvt. Ltd
H. Aagadhage, 3rd Floor
Boduthakurufaanu Magu
Male', Republic of Maldives",,Kuredhivaru,73.34337,Mövenpick Resort Kuredhivaru Maldives,3322999,109,"m.gruszecki@zenresorts.site
r.rahman@zenresort.site",656-3000,111.0,"Zen Resort Pvt. Ltd 
H. Aagadhage, 3rd Floor
Boduthakurufaanu Magu
Male', Republic of Maldives",222.0,Noonu,,143,111.0,LD1086,Operating,73.3433701608004,5.87520679192
448.0,6560591,ecommerce.irufushi@sunsiyam.com,5.74457,Medhafushi,"Sun Travels & Tours Pvt Ltd
H. Sun Siyam Building
Boduthakurufaanu Magu
Male', Republic of Maldives","Iru Hotels & Resorts Pvt Ltd,
H. Sun Siyam Building, 
Boduthakurufaanu Magu, 
Male', Republic of Maldives",Medhafushi,73.32396,Sun Siyam Iru Fushi Maldives,3325977,149,info@sunsiyam.com,6560591,224.0,"Sun Travels & Tours Pvt Ltd
H. Sun Siyam Building
Boduthakurufaanu Magu
Male', Republic of Maldives",448.0,Noonu,"3333897/
332 0419",144,224.0,LD1036,Operating,73.3239560843963,5.744570499317665
158.0,656 6666,reservations@soneva.com,5.71317,Medhufaru,"Hillside Villa Pvt Ltd 
Jazeera Building, 4th Floor
Boduthakurufaanu Magu
Male', Maldives",,Medhufaru,73.41465,Soneva Jani,"6600304
3326686",145,patrickm@soneva.com,656 6666,79.0,"Soneva Management (BVI) Ltd. 
Jazeera Building, 4th Floor
Boduthakurufaanu Magu
Male', Repubic of Maldives",158.0,Noonu,6600374,145,79.0,LD0088,Operating,73.4146480138003,5.713165182290021
300.0,4004445,noonu@robinson.com,5.80212,Orivaru,"Robinsion Club Maldives Pvt Ltd
H. Maaram, 5th Floor
Ameer Ahmed Magu
Male', Republic of Maldives",,Orivaru,73.29778,Robinson Noonu,3009095,134,officemanager.maldives@robinson.com bjoern.thuemmel@robinson.com,4004444,150.0,"Robinsion Club Maldives Pvt Ltd 
H. Maaram, 5th Floor
Ameer Ahmed Magu
Male', Republic of Maldives",300.0,Noonu,4004445,146,150.0,LD0249,Operating,73.29778298090048,5.80212221730002
120.0,656 1515,info.randheli@chevalblanc.com,5.69196,Randheli,"I & T Management Pvt Ltd 
H. Bonthi Villa, Level 2, 
Ameer Ahmed Magu, 
Male', Republic of Maldives",,Randheli,73.34144,Cheval Blanc Randheli,330 5590,28,info@int.com.mv,656 1515,60.0,"I & T Management Pvt Ltd 
H. Bonthi Villa, Level 2, 
Ameer Ahmed Magu, 
Male', Republic of Maldives",120.0,Noonu,331 5590,147,60.0,LD1042,Operating,73.3414413461004,5.691963774849999
316.0,6580222,mahdy@aitkenspence.lk,5.44766,Aarah,"Cowrie Investment Pvt Ltd 
H. Thuniya, 6th Floor, 
Boduthakurufaanu Magu, 
Male', Republic of Maldives",-,Aarah,72.94131,Heritance Aarah,6580222,71,mahdy@aitkenspence.lk,6580222,158.0,"Cowrie Investment Pvt Ltd 
H. Thuniya, 6th Floor, 
Boduthakurufaanu Magu, 
Male', Republic of Maldives",316.0,Raa,,148,158.0,LD0444,Operating,72.94130757772581,5.447656136414395
170.0,,info.being@joali.com,5.50772,Bodufushi,"Ali Bey Maldives Pvt Ltd 
Ma. MF Building, 3rd Floor
Chaandhanee Magu
Male', Republic of Maldives",,Bodufushi,72.96889,Joali Being Bodufushi,3005551,80,masoodh@momentum.com.mv,6583100,85.0,"Ali Bey Maldives Pvt Ltd
Ma. MF Building, 3rd Floor
Chaandhanee Magu
Male', Republic of Maldives",170.0,Raa,,149,85.0,LD0097,Operating,72.9688927234653,5.507722807016219
358.0,6586060,info@dhigali.com,5.47545,Dhigali,"Coral Edge Pvt Ltd
M. Rukkara, Fulooniyaa Magu, 
Male', Republic of Maldives",,Dhigali,72.95354,Dhigali Maldives,3323080,46,info@coraledge.com.mv,6586060,179.0,"Coral Edge Pvt Ltd 
M. Rukkara, Fulooniyaa Magu, 
Male', Republic of Maldives",358.0,Raa,3333618,150,179.0,LD0918,Operating,72.95353948890171,5.475445555269993
176.0,,info@emeraldmaldives-seana.com,5.76805,Faarufushi,"Fasmendhoo Pvt Ltd 
H. Aage, 6th Floor, 
12 Boduthakurufaanu Magu
Male', Republic of Maldives",,Faarufushi,72.96532,Emerald Faarufushi Resort & Spa,6582100,56,gm@emerald-faarufushi.com,6588000,88.0,"Fasmendhoo Pvt Ltd 
H. Aage, 6th Floor, 
12 Boduthakurufaanu Magu
Male', Republic of Maldives",176.0,Raa,,151,88.0,LD0125,Operating,72.9653212426016,5.768051255759998
286.0,6582100,tscarapicchia@fasmendhoo.com / reservations@emerald-maldives.com,5.49423,Fasmendhoo,"Emil Resort Pvt Ltd
H. Aage, 06th Floor, 
Boduthakurufaanu Magu, 
Male', Republic of Maldives","Seana S.R.L (FC)
C/O Shah Hussain & CO Barristers and Attorneys, 
H. Aage, 12 (6th Floor),
Boduthakurufaanu Magu, 
Male', Republic of Maldives",Fasmendhoo,72.8816,Emerald Maldives Resort & Spa Fasmendho,6582100,57,gm@emerald-maldives.com,6582100,143.0,"Emil Resort Pvt Ltd 
H. Aage, 06th Floor, 
Boduthakurufaanu Magu, 
Male', Republic of Maldives",286.0,Raa,-,152,143.0,LD0477,Operating,72.88159871600217,5.494232066779968
328.0,400-4000,inquiry@reethifaru.com,5.49184,Filaidhoo,"Mahogany Pvt Ltd 
H. Maadhooge, 1st Floor
Karankaa Magu
Male', Republic of Maldives",,Filaidhoo,72.93842,Reethi Faru Resort,3312626,130,shihab@reethifaru.com,400-4000,164.0,"Mahogany Pvt Ltd 
H. Maadhooge, 1st Floor
Karankaa Magu
Male', Republic of Maldives",328.0,Raa,4004445,153,164.0,LD0043,Operating,72.9384162924018,5.491844719709988
340.0,,cfo@furaveri.com,5.44058,Furaveri,"Ahmed Ibrahim Didi 
Ma. Niyazvilla, 10th Floor
Buruzumagu
Male', Rep. of Maldives",,Furaveri,72.90838,Furaveri Island Resort & Spa,3317315,65,shahid@furaveri.com,6582718,170.0,"NAID Investments Pvt Ltd 
M.Newton, 3rd Floor
Dhanbu Goalhi
Male', Republic of Maldives",340.0,Raa,3317723,154,170.0,LD0058,Operating,72.908377984502,5.44057743925
244.0,658 5555,aminath.hana@lily-international.com,5.39212,Huruvalhi,"Amir Mansoor
Ma. Manas
Nikagas Hingun
Male', Republic of Maldives","Standard Asia Co. Ltd. 
No. 59, Rimklong Phrakanong Alley, 
Phrakanong Nua Sub-District, Wattana District, 
Bangkok, Thailand",Huruvalhi,72.97905,The Standard Huruvalhi Maldives,3332840,160,aminath.hana@lily-international.com,658 5555,122.0,"Huruvalhi Beach Resort Investments Pvt Ltd 
H. Coal Field, 2nd Floor, 
Kalhuhuraa Magu, 
Male', Republic of Maldives",244.0,Raa,3333592,155,122.0,LD0585,Operating,72.97905384340157,5.392115976759996
160.0,7783767 / 6591234,kothaifaru@alilahotels.com,5.52514,Kothaifaru,"Ballentine Pvt Ltd 
M. Faamudheyrige, 05th Floor
Orchid Magu
Male', Republic of Maldives","Hyatt International South West Asia Limited 
G. Sosanee
Male', Republic of Maldives",Kothaifaru and Kuroshigiri,72.84296,Alila Kothaifaru Maldives,3005515,6,masoodh@momentum.com.mv,7783767 / 6591234,80.0,"Ballentine Pvt Ltd 
M. Faamudheyrige, 05th Floor
Orchid Magu
Male', Republic of Maldives",160.0,Raa,,156,80.0,LD0822,Operating,72.84296386600245,5.525141598999972
290.0,,info@brennia.com,5.51005,Kottefaru,"ABN Pvt Ltd 
M. Uniya Building 
Fareedhee Magu 
Male', Republic of Maldives","Brennia Maldives Pvt Ltd 
G. Gevadige
Faashanaakilege Magu 
Male', Republic of Maldives",Kottefaru,73.04101,Brennia Kottefaru,4002022,24,info@brennia.com,4002022,145.0,"Brennia Maldives Pvt Ltd 
G. Gevadige
Faashanaakilege Magu 
Male', Republic of Maldives",290.0,Raa,,157,145.0,LD1127,Operating,73.04101178790127,5.510054691929986
214.0,7774982,ali@abnmaldives.com,5.51068,Kudafushi,"Ali Zahir 
H. Iruvelige
Moonimaa Hingun
Male', Republic of Maldives",-,Kudafushi,72.98038,Kudafushi Resort & Spa,658-0080,93,reservations@kudafushiresort.com,7774982,107.0,"Silver Drift Maldives Pvt Ltd
H. Eggamuge Aage, 
Karankaa Magu, 
Male', Republic of Maldives",214.0,Raa,,158,107.0,LD1016,Operating,72.98037950438449,5.51067678598712
400.0,4001400,raaya@amari.com,5.58389,Kudakurathu,"Kudakurathu Island Resort Pvt Ltd
Ma. Dawn Shine
Zamaanee Goalhi
Male', Republic of Maldives","Atmosphere Core Pvt Ltd 
H. Aage, 6th Floor
Boduthakurufaanu Magu
Male', Republic of Maldives",Kudakurathu,73.04465,Raaya by Atmosphere,7902612 / 77777242,125,mohdhussainf@gmail.com,4001400,200.0,"Kudakurathu Island Resort Pvt Ltd
Ma. Dawn Shine
Zamaanee Goalhi
Male', Republic of Maldives",400.0,Raa,,159,200.0,LD0110,Operating,73.04465135330123,5.58389354389998
212.0,,info@coracoraresorts.com,5.65089,Maamin'gili,"Legal Heirs of Late Ahmed Waheed
G. Vaffushi  
Male', Republic of Maldives",,Maamigili,72.88474,Cora Cora Maldives,3344911,43,info@coracoraresorts.com,,106.0,"HMM Pvt Ltd 
H. Millennia Tower 
10, Ameer Ahmed Magu 
Male', Republic of Maldives",212.0,Raa,,160,106.0,LD0746,Operating,72.88474304880214,5.650892965359994
194.0,,reservations.icmaldives@ihg.com,5.35996,Maamunagau,"Leisure Horizons Pvt Ltd 
M. Lux Lodge (2nd Floor) 
Orchid Magu 
Male', Republic of Maldives","Inter Continental Hotels Group (Greater China) Ltd
230 Victoria Street, # 13-00
Bugis Junction Tower
Singapore 188024",Maamunagau,72.91911,Inter Continental Maldives Maamunagau,657345250 / 6580500,78,gan@hplhotels.com / james.sutcliffe@ihg.com,6580500,97.0,"Leisure Horizons Pvt Ltd 
M. Lux Lodge (2nd Floor) 
Orchid Magu 
Male', Republic of Maldives",194.0,Raa,,161,97.0,LD0675,Operating,72.91910668470192,5.359961797929982
476.0,6640375,res.mir@adaaran.com.mv,5.45601,Meedhupparu,"Cowrie Investment Pvt. Ltd.
H. STO Aifaanu Building, 7th Floor, Boduthakurufaanu Magu, Male', Republic of Maldives",-,Meedhupparu,72.97998,Adaaran Select Meedhupparu,"332 3323
331 5238",5,gm@aitkenspence.com.mv,6640375,238.0,"Cowrie Investment Pvt. Ltd.
H. STO Aifaanu Building, 7th Floor, Boduthakurufaanu Magu, Male', Republic of Maldives",476.0,Raa,331 5237,162,238.0,LD0095,Operating,72.97998037850157,5.456013281159981
160.0,6584404,masoodh@momentum.com.mv,5.60778,Muravandhoo,"Ali Bey Maldives Pvt Ltd
Ma. MF Building, 3rd Floor
Chaandhanee Magu
Male', Republic of Maldives",,Muravandhoo,72.95229,Joali Muravandhoo,3305515,81,pa@momentum.com.mv,6584400,80.0,"Ali Bey Maldives Pvt Ltd 
Ma. MF Building, 3rd Floor
Chaandhanee Magu
Male', Republic of Maldives",160.0,Raa,,163,80.0,LD0401,Operating,72.95228569850171,5.607776570209984
218.0,6581000,booking@youandmemaldives.com,5.66991,Uthurumaafaru,"Uthurumaafaru Holdings Pvt Ltd 
H. Soanary, 
Boduthakurufaanu Magu, 
Male', Republic of Maldives",-,Uthurumaafaru,72.84578,You & Me Maldives,3016888,174,"alex@cocoonmaldives.com
info@cocoonmaldives.com",6581000,109.0,"Uthurumaafaru Holdings Pvt Ltd 
H. Soanary, 
Boduthakurufaanu Magu, 
Male', Republic of Maldives",218.0,Raa,,164,109.0,LD0428,Operating,72.84577664020242,5.669914200009977
542.0,689-6677,reservations@canareef.com,-0.62384,Herethere,"Canaries Pte. Ltd.
Marina Building, 05th Floor 
Koli Umaru Manik Goalhi, 
Male, Republic of Maldives",,Herethere,73.22587,Canareef Resort Maldives,33 3300,25,Moosadidi@crescendas.com,689-6677,271.0,"Canaries Resorts Maldives Pvt Ltd 
Marina Building, 05th Floor 
Koli Umaru Manik Goalhi, 
Male, Republic of Maldives",542.0,Seenu,333 6739,165,271.0,LD0990,Operating,73.22586940830072,-0.623840147027002
260.0,6890009,reservations@southpalmresort.com,-0.5784,Ismehelaahera,"South Palm Maldives Pvt Ltd 
Keytha 
Feydhoo, Seenu Atoll
Republic of Maldives",,Ismehelahera Kedevaahera,73.21532,South Palm Resort Maldives,6890010,147,reservations@southpalmresort.com,6890009,130.0,"South Palm Maldives Pvt Ltd 
Keytha 
Feydhoo, Seenu Atoll
Republic of Maldives",260.0,Seenu,,166,130.0,LD1472,Operating,73.21532244770077,-0.578397810652006
298.0,,mld.reservations.maldives@fairmont.com /,6.28643,Gaakoshibi,"GBH Maldives Resorts Pvt Ltd 
#02-01, H.Millenia Tower
10 Ameeru Ahmed Magu
Male', Republic of Maldives",,Gaakoshibee,73.01219,Sirru Fen Fushi,6548888 / 3013200,139,shahdy@suoodanwar.com,6548888 / 3013200,149.0,"GBH Maldives Resorts Pvt Ltd 
#02-01, H.Millenia Tower
10 Ameeru Ahmed Magu
Male', Republic of Maldives",298.0,Shaviyani,,167,149.0,LD0927,Operating,73.01218584170134,6.28642846882998
159.0,,jw.mlejs.rsvn@marriothotels.com,6.08955,Van'garu,"Bon Free Private Limited
H. Aage, Boduthakurufaanu Magu
Male', Republic of Maldives
www.viceroyhotelsandresorts.com","Marriott Hotels Maldives Pvt Ltd 
H. Orchidmaage, 1st Floor
Ameer Ahmed Magu
Male', Republic of Maldives",Vagaru,73.20348,JW Marriott Maldives Resort & Spa,3006966,84,"lamaan@suoodanwar.com
shahdy@suoodanwar.com",6545555,86.0,"Bon Free Private Limited
H. Aage, Boduthakurufaanu Magu
Male', Republic of Maldives
www.viceroyhotelsandresorts.com",159.0,Shaviyani,3006696,168,86.0,LD0674,Operating,73.20348463100068,6.089548436479988
152.0,,benjamincruez@comohotels.com / res.maalifushi@comohotels.com,2.3108,Maalefushi,"I.V.P.L Investment Ventures Pvt. Ltd.
H. Sea Side, 01st Floor
Boduthakurufaanu Magu
Male', Rep of Maldives",,Male'fushi,73.29821,Como Maalifushi,"6780008
7778684",39,"email@reefinvest.com
sawad.plc@gmail.com",6780009,76.0,"I.V.P.L Investment Ventures Pvt. Ltd 
H. Sea Side, 01st Floor
Boduthakurufaanu Magu
Male', Rep of Maldives",152.0,Thaa,6780009,169,76.0,LD0556,Operating,73.29821429210054,2.310800210819993
180.0,6706000,manager@maleoffice.com.mv,3.49883,Aarah,"Aaarah Investment Pvt Ltd 
M. Omadu Fannu (2nd Floor)
Male', Republic of Maldives",,Aarah,73.52987,Cinnamon Velifushi Maldives,3336000,31,velifushi@cinnamonhotels.com,6706000,90.0,"Tranquility Pvt. Ltd. 
2nd Floor H. Maizan, Sosun Magu
Male', Republic of Maldives",180.0,Vaavu,3326264,170,90.0,LD0051,Operating,73.52987334169063,3.498833555381256
312.0,,alimatha@dhivehinetnet.mv,3.59375,Alimathaa,"Safari Tours Pvt. Ltd 
Opera Building, Chaandhanee Magu
Male', Republic of Maldives
safari@dhivehinet.net.mv",,Alimatha,73.49806,Alimatha Aquatic Resort,3323214,7,"office@maleoffice.com.mv 
manager@maleoffice.com.mv",6.7005753324e+013,156.0,"L.A Resorts Pvt Ltd 
M.Opera Building
Chaandhanee Magu
Male', Republic of Maldives",312.0,Vaavu,3322516,171,156.0,LD0148,Operating,73.49805843240021,3.593747026759982
122.0,6700593,reservations@dhiggiriresort.com,3.64501,Dhiggiri,"""DhiggiriInvestmentPteLtd.
OperaBuilding,ChaandhaneeMagu
Male',RepublicofMaldives
mmtours@dhivehinet.net.mv""",,Dhiggiri,73.48737,Dhiggiri Tourist Resort,3323214,47,reservations@dhiggiriresort.com,6700593,61.0,"""DhiggiriInvestmentPteLtd.
OperaBuilding,ChaandhaneeMagu
Male',RepublicofMaldives""",122.0,Vaavu,,172,61.0,LD0267,Operating,73.48736553087976,3.645010066765539
100.0,,,3.63662,Kunaaveshi,"Satin Seas Pvt Ltd 
M. Honey Dew, 3rd Floor
Izzuddheen Magu
Male', Republic of Maldives","La Vie Hotels & Resorts (Maldives) Pvt Ltd 
H. Aage (6th Floor)
Boduthakurufaanu Magu
Male', Republic of Maldives",Kunaavashi,73.36495,Nooe Maldives Kunavashi,9333355,114,simon.douthett@laviehotels.com,,50.0,"C.J.L Investments Pvt Ltd 
M. Chandhaneege, 3rd Floor
Alhivilaa Magu
Male', Republic of Maldives",100.0,Vaavu,,173,50.0,LD1148,Operating,73.36495290430038,3.636620523740001
80.0,,info@cocogiri.com,3.62995,Vashugiri,"Vashugiri Pvt Ltd
M. Anchorage, 1st Floor
Shaheed Ali Hingun
Male', Republic of Maldives",,Vashugiri,73.37725,Cocogiri Island Resort,7893579 / 7932230,37,"vashugirimaldives@gmail.com
http://www.cocogiri.com/",+9606709998 / +9606709998,40.0,"Vashugiri Pvt Ltd
M. Anchorage, 1st Floor
Shaheed Ali Hingun
Male', Republic of Maldives",80.0,Vaavu,,174,40.0,LD1026,Operating,73.37725229780038,3.629946150660012
